entity_id,type,debit,credit,amount,currency,fee,tax,on_hold,settled,created_at,settled_at,settlement_id,posted_at,credit_type,description,notes,payment_id,settlement_utr,order_id,order_receipt,method,card_network,card_issuer,card_type,dispute_id
pay_4E4jGwmr1a1ztH,payment,0,37093,37944,INR,721,130,False,True,1785546240,1785719040,setl_MTEI16kzbhXuD1,,default,Payment via CARD,,,4612697149q0s580,order_7TKpL9uovsHxZZ,RCPT-D2C-100140,card,MasterCard,YESB,debit,
pay_ZFkn7XvgKJWSKh,payment,0,84178,84178,INR,0,0,False,True,1785546300,1785719100,setl_MTEI16kzbhXuD1,,default,Payment via UPI,,,4612697149q0s580,order_K7EGYfwzy9zMTI,RCPT-D2C-100035,upi,,,,
pay_PK5ACDiBZLPKD6,payment,0,45740,46789,INR,889,160,False,True,1785546660,1785719460,setl_MTEI16kzbhXuD1,,default,Payment via CARD,,,4612697149q0s580,order_xGAnjq8MJaMhmp,RCPT-D2C-100042,card,American Express,PUNB,credit,
pay_7rKGyu1TvnUYLp,payment,0,126864,127808,INR,800,144,False,True,1785547140,1785719940,setl_MTEI16kzbhXuD1,,default,Payment via UPI,,,4612697149q0s580,order_0WUOXIj6X11QPD,RCPT-D2C-100096,upi,,,,
pay_bX3qB9BDbnipYK,payment,0,188607,192933,INR,3666,660,False,True,1785550080,1785722880,setl_MTEI16kzbhXuD1,,default,Payment via CARD,,,4612697149q0s580,order_XuXjIW65XQiJKK,RCPT-D2C-100198,card,MasterCard,ICIC,credit,
pay_dZ58z699UkKvhq,payment,0,61924,63345,INR,1204,217,False,True,1785550860,1785723660,setl_MTEI16kzbhXuD1,,default,Payment via CARD,,,4612697149q0s580,order_9ZnfhgiN8Qf2K2,RCPT-D2C-100323,card,MasterCard,KKBK,credit,
pay_UYQq2TjZg4arDT,payment,0,32385,32385,INR,0,0,False,True,1785553440,1785726240,setl_MTEI16kzbhXuD1,,default,Payment via UPI,,,4612697149q0s580,order_TP3Yzb2iQTMIDN,RCPT-D2C-100123,upi,,,,
pay_TZkicDC3JJGl4R,payment,0,195829,200320,INR,3806,685,False,True,1785555060,1785727860,setl_MTEI16kzbhXuD1,,default,Payment via CARD,,,4612697149q0s580,order_hYvd2ScKcq1owF,RCPT-D2C-100380,card,Visa,UTIB,credit,
pay_vTzZiblUhDWKLJ,payment,0,77804,77804,INR,0,0,False,True,1785557580,1785730380,setl_MTEI16kzbhXuD1,,default,Payment via UPI,,,4612697149q0s580,order_hNaVYGnKMFgesw,RCPT-D2C-100452,upi,,,,
pay_P7BRUPnHZVGGA9,payment,0,156188,156188,INR,0,0,False,True,1785559560,1785732360,setl_MTEI16kzbhXuD1,,default,Payment via UPI,,,4612697149q0s580,order_1kIfLDX6SPNx7N,RCPT-D2C-100446,upi,,,,
pay_S5QPsZJA94pBjO,payment,0,152688,152688,INR,0,0,False,True,1785563220,1785736020,setl_MTEI16kzbhXuD1,,default,Payment via UPI,,,4612697149q0s580,order_DFS3bovJnlpExO,RCPT-D2C-100332,upi,,,,
pay_BFNY4itOFZS0Z5,payment,0,104214,105630,INR,1200,216,False,True,1785566700,1785739500,setl_MTEI16kzbhXuD1,,default,Payment via NETBANKING,,,4612697149q0s580,order_eVBC6KhYQLCOkp,RCPT-D2C-100411,netbanking,,,,
pay_13NbwBdauMszru,payment,0,167121,170542,INR,2899,522,False,True,1785568500,1785741300,setl_MTEI16kzbhXuD1,,default,Payment via WALLET,,,4612697149q0s580,order_FFoOTYMaXkq4r8,RCPT-D2C-100242,wallet,,,,
pay_Ja2yR3nmHY2csd,payment,0,140549,140549,INR,0,0,False,True,1785568740,1785741540,setl_MTEI16kzbhXuD1,,default,Payment via UPI,,,4612697149q0s580,order_SuWSWZhjmYpUAy,RCPT-D2C-100080,upi,,,,
pay_YKEsddeIJtAr6D,payment,0,81164,83025,INR,1577,284,False,True,1785733440,1785744240,setl_piMmOrgbHyqPgs,,default,Payment via CARD,,,5988023031k7e318,order_ILkE8Sx2luSGrD,RCPT-D2C-100496,card,American Express,UTIB,credit,
pay_ftcLOIadn5rPvi,payment,0,90055,90055,INR,0,0,False,True,1785733740,1785744540,setl_piMmOrgbHyqPgs,,default,Payment via UPI,,,5988023031k7e318,order_2xqwHx1SSRkRXQ,RCPT-D2C-100031,upi,,,,
pay_14PehPjPB9atpT,payment,0,326329,333009,INR,5661,1019,False,True,1785574140,1785746940,setl_MTEI16kzbhXuD1,,default,Payment via WALLET,,,4612697149q0s580,order_DBMf4rpaFQOqb7,RCPT-D2C-100025,wallet,,,,
pay_IHsG3z44mCmzf1,payment,0,95878,98076,INR,1863,335,False,True,1785577560,1785750360,setl_MTEI16kzbhXuD1,,default,Payment via CARD,,,4612697149q0s580,order_PpnTH0ZFeCH9XO,RCPT-D2C-100328,card,Visa,HDFC,credit,
pay_y54CNdme4tFuSV,payment,0,89561,89561,INR,0,0,False,True,1785657600,1785754800,setl_piMmOrgbHyqPgs,,default,Payment via UPI,,,5988023031k7e318,order_17mL9Ip0wHpL1g,RCPT-D2C-100193,upi,,,,
pay_yvWGOyvmzDOX48,payment,0,165651,165651,INR,0,0,False,True,1785584280,1785757080,setl_MTEI16kzbhXuD1,,default,Payment via UPI,,,4612697149q0s580,order_vbKYotE7aMUTVg,RCPT-D2C-100180,upi,,,,
pay_8LncnrKs8vSwZP,payment,0,32167,32167,INR,0,0,False,True,1785584760,1785757560,setl_MTEI16kzbhXuD1,,default,Payment via UPI,,,4612697149q0s580,order_VQ9BFs3NpQn9pp,RCPT-D2C-100155,upi,,,,
pay_o8eHVQYnmky2QB,payment,0,78533,80334,INR,1526,275,False,True,1785577800,1785761400,setl_piMmOrgbHyqPgs,,default,Payment via CARD,,,5988023031k7e318,order_XzYEXz6oiAR5VS,RCPT-D2C-100186,card,RuPay,SBIN,debit,
pay_Oh0LOmL53MluuH,payment,0,151516,152932,INR,1200,216,False,True,1785588660,1785761460,setl_MTEI16kzbhXuD1,,default,Payment via NETBANKING,,,4612697149q0s580,order_vdtmtNR11b7gDf,RCPT-D2C-100182,netbanking,,,,
pay_2jdxIBL7tsj1ba,payment,0,99488,101988,INR,0,0,False,True,1785594180,1785766980,setl_MTEI16kzbhXuD1,,default,Payment via UPI,,,4612697149q0s580,order_vbVGKQo3NSR5D1,RCPT-D2C-100397,upi,,,,
pay_eDGJUwA8MrvTll,payment,0,111326,111326,INR,0,0,False,True,1785594480,1785767280,setl_MTEI16kzbhXuD1,,default,Payment via UPI,,,4612697149q0s580,order_cwpGeUXQYHXeYK,RCPT-D2C-100068,upi,,,,
pay_cwbdAxkuPi43OP,payment,0,150775,150775,INR,0,0,False,True,1785595680,1785768480,setl_MTEI16kzbhXuD1,,default,Payment via UPI,,,4612697149q0s580,order_4VIzntv7tkJXUQ,RCPT-D2C-100480,upi,,,,
rfnd_APgxgzKUsqNevD,refund,75388,0,75388,INR,0,0,False,True,1785595680,1785768480,setl_MTEI16kzbhXuD1,,default,Refund via UPI,,rfnd_APgxgzKUsqNevD,4612697149q0s580,order_4VIzntv7tkJXUQ,RCPT-D2C-100480,upi,,,,
pay_Ps2VOI3UzvckLI,payment,0,111517,111517,INR,0,0,False,True,1785759780,1785770580,setl_piMmOrgbHyqPgs,,default,Payment via UPI,,,5988023031k7e318,order_FP6eFAjCHcqIR4,RCPT-D2C-100325,upi,,,,
pay_2IxDlaPVTofaZD,payment,0,50801,51966,INR,987,178,False,True,1785596400,1785780000,setl_piMmOrgbHyqPgs,,default,Payment via CARD,,,5988023031k7e318,order_p4gAUCmybMOVAB,RCPT-D2C-100233,card,MasterCard,IDFB,debit,
pay_GhWiOalTlINXn1,payment,0,79481,79481,INR,0,0,False,True,1785630780,1785803580,setl_nMwFR1fMpjSm8j,,default,Payment via UPI,,,6753106955k3y994,order_eKIA7zPtJcGEoJ,RCPT-D2C-100041,upi,,,,
pay_nE799FIp1wre95,payment,0,260901,266885,INR,5071,913,False,True,1785631140,1785803940,setl_nMwFR1fMpjSm8j,,default,Payment via CARD,,,6753106955k3y994,order_Jmuj6H5V22bCgf,RCPT-D2C-100366,card,RuPay,PUNB,credit,
pay_gh4L9yoGhnJ3YI,payment,0,119256,119256,INR,0,0,False,True,1785635220,1785808020,setl_nMwFR1fMpjSm8j,,default,Payment via UPI,,,6753106955k3y994,order_TNlwVeF7eVyZN9,RCPT-D2C-100251,upi,,,,
pay_5wxQdZLaltLSpW,payment,0,137690,137690,INR,0,0,False,True,1785637800,1785810600,setl_nMwFR1fMpjSm8j,,default,Payment via UPI,,,6753106955k3y994,order_cgtPwbQvtgLDLW,RCPT-D2C-100377,upi,,,,
pay_QyT2WBUYGKcK8p,payment,0,31412,32055,INR,545,98,False,True,1785640140,1785812940,setl_nMwFR1fMpjSm8j,,default,Payment via WALLET,,,6753106955k3y994,order_p7ewn1wwwURzPA,RCPT-D2C-100153,wallet,,,,
pay_QFMLm5QeO2C2cP,payment,0,130558,130558,INR,0,0,False,True,1785640440,1785813240,setl_nMwFR1fMpjSm8j,,default,Payment via UPI,,,6753106955k3y994,order_LOK4yPCmy77dRb,RCPT-D2C-100453,upi,,,,
rfnd_N7iin4I9yPrZRy,refund,130558,0,130558,INR,0,0,False,True,1785640440,1785813240,setl_nMwFR1fMpjSm8j,,default,Refund via UPI,,rfnd_N7iin4I9yPrZRy,6753106955k3y994,order_LOK4yPCmy77dRb,RCPT-D2C-100453,upi,,,,
pay_IBeZQbmnWSmr5Z,payment,0,55401,55401,INR,0,0,False,True,1785651960,1785824760,setl_nMwFR1fMpjSm8j,,default,Payment via UPI,,,6753106955k3y994,order_aAHIAc1edocSB7,RCPT-D2C-100384,upi,,,,
rfnd_seDkhOvpToPbFS,refund,55401,0,55401,INR,0,0,False,True,1785651960,1785824760,setl_nMwFR1fMpjSm8j,,default,Refund via UPI,,rfnd_seDkhOvpToPbFS,6753106955k3y994,order_aAHIAc1edocSB7,RCPT-D2C-100384,upi,,,,
pay_1QBbZnhHSk4HFq,payment,0,74737,76452,INR,1453,262,False,True,1785658800,1785831600,setl_nMwFR1fMpjSm8j,,default,Payment via CARD,,,6753106955k3y994,order_lNOPmxygt0D0PE,RCPT-D2C-100130,card,MasterCard,ICIC,credit,
pay_tcxXhePt73giYi,payment,0,50802,50802,INR,0,0,False,True,1785660480,1785833280,setl_nMwFR1fMpjSm8j,,default,Payment via UPI,,,6753106955k3y994,order_SSZ1tC0QeUurNu,RCPT-D2C-100205,upi,,,,
pay_w2WaU9NWpnMi7Q,payment,0,369880,369880,INR,0,0,False,True,1785661020,1785833820,setl_nMwFR1fMpjSm8j,,default,Payment via UPI,,,6753106955k3y994,order_Mx5A8P9Uv42gDC,RCPT-D2C-100278,upi,,,,
pay_YkbVdn4Pdeat0Q,payment,0,75609,75609,INR,0,0,False,True,1785663600,1785836400,setl_nMwFR1fMpjSm8j,,default,Payment via UPI,,,6753106955k3y994,order_2LOzqKTuW4z6Xh,RCPT-D2C-100499,upi,,,,
pay_Tqa2Up54wsHLr7,payment,0,142400,142400,INR,0,0,False,True,1785665040,1785837840,setl_nMwFR1fMpjSm8j,,default,Payment via UPI,,,6753106955k3y994,order_ulg922GSmXyuxW,RCPT-D2C-100326,upi,,,,
pay_GaXgZpj7kJ4M9a,payment,0,211077,211077,INR,0,0,False,True,1785665580,1785838380,setl_nMwFR1fMpjSm8j,,default,Payment via UPI,,,6753106955k3y994,order_fZcxn5lVshv0FK,RCPT-D2C-100082,upi,,,,
pay_WRKCRoG258lEWM,payment,0,45100,46135,INR,877,158,False,True,1785666600,1785839400,setl_nMwFR1fMpjSm8j,,default,Payment via CARD,,,6753106955k3y994,order_cnYBDO4Zlw9CcD,RCPT-D2C-100085,card,MasterCard,UTIB,credit,
pay_ONWCUwYap7iZOT,payment,0,269447,269447,INR,0,0,False,True,1785831240,1785842040,setl_Rku0up4Angh05M,,default,Payment via UPI,,,599309088526,order_aEn8zgvcrblxh1,RCPT-D2C-100221,upi,,,,
pay_nJorssm4rFNCqo,payment,0,51035,52451,INR,1200,216,False,True,1785675720,1785848520,setl_nMwFR1fMpjSm8j,,default,Payment via NETBANKING,,,6753106955k3y994,order_dowLGqL3CaxG67,RCPT-D2C-100059,netbanking,,,,
pay_6yFSJEKqIFYnzT,payment,0,37411,38269,INR,727,131,False,True,1785679500,1785852300,setl_nMwFR1fMpjSm8j,,default,Payment via CARD,,,6753106955k3y994,order_G2yAiSz4VvCCGj,RCPT-D2C-100333,card,Visa,RATN,credit,
pay_1I6LUtrZrJ2rkc,payment,0,97766,100008,INR,1900,342,False,True,1785680880,1785853680,setl_nMwFR1fMpjSm8j,,default,Payment via CARD,,,6753106955k3y994,order_RzQmiLIn3X4JPs,RCPT-D2C-100238,card,RuPay,ICIC,credit,
pay_RaA3z6O2huJkvg,payment,0,28824,28824,INR,0,0,False,True,1785681840,1785854640,setl_nMwFR1fMpjSm8j,,default,Payment via UPI,,,6753106955k3y994,order_2tAm4mLu5Nw2cM,RCPT-D2C-100435,upi,,,,
pay_cJQxv35HIPg9N4,payment,0,118219,120639,INR,2051,369,False,True,1785682200,1785855000,setl_nMwFR1fMpjSm8j,,default,Payment via WALLET,,,6753106955k3y994,order_3cKGUdUhYyLLJR,RCPT-D2C-100293,wallet,,,,
pay_ML0mGCoXJtpDIw,payment,0,51658,51658,INR,0,0,False,True,1785720120,1785892920,setl_dX5Mt2ZMndT1DJ,,default,Payment via UPI,,,624182764238,order_MtiRcJqBwjrHyq,RCPT-D2C-100495,upi,,,,
pay_wIcRgDcljmzCCi,payment,0,102691,104793,INR,1781,321,False,True,1785723780,1785896580,setl_dX5Mt2ZMndT1DJ,,default,Payment via WALLET,,,624182764238,order_0dHeOSo7V9VhkO,RCPT-D2C-100143,wallet,,,,
pay_iuLIXyvQXXKhqH,payment,0,322013,322013,INR,0,0,False,True,1785731400,1785904200,setl_dX5Mt2ZMndT1DJ,,default,Payment via UPI,,,624182764238,order_3P6yKSwY7wBOpM,RCPT-D2C-100158,upi,,,,
pay_o5w8iVhNzJLO3a,payment,0,160771,164458,INR,3125,562,False,True,1785732960,1785905760,setl_dX5Mt2ZMndT1DJ,,default,Payment via CARD,,,624182764238,order_JtW7jL9YbvqyAF,RCPT-D2C-100337,card,Visa,HDFC,credit,
pay_w7aqWkaoKP8olg,payment,0,36296,36296,INR,0,0,False,True,1785733380,1785906180,setl_dX5Mt2ZMndT1DJ,,default,Payment via UPI,,,624182764238,order_ibVQYUfucCfkgN,RCPT-D2C-100243,upi,,,,
pay_Lx2OUMq5GEj6Xz,payment,0,70376,70376,INR,0,0,False,True,1785904200,1785915000,setl_1gJM7KlW1cmJHz,,default,Payment via UPI,,,692853922261,order_gwTMEtTFOSI0tZ,RCPT-D2C-100089,upi,,,,
pay_JZ9mnFzzDurVmq,payment,0,46081,46081,INR,0,0,False,True,1785747000,1785919800,setl_dX5Mt2ZMndT1DJ,,default,Payment via UPI,,,624182764238,order_Tkka8XeqpIT3Vh,RCPT-D2C-100098,upi,,,,
pay_p9zFRd9zaVrJL3,payment,0,62269,62269,INR,0,0,False,True,1785748740,1785921540,setl_dX5Mt2ZMndT1DJ,,default,Payment via UPI,,,624182764238,order_ltWAHE7j29xnc4,RCPT-D2C-100300,upi,,,,
pay_bt7AFlxIGYR4Hm,payment,0,69354,70770,INR,1200,216,False,True,1785750960,1785923760,setl_dX5Mt2ZMndT1DJ,,default,Payment via NETBANKING,,,624182764238,order_3bc4uzQFucpXGC,RCPT-D2C-100191,netbanking,,,,
pay_hMSwwDAWfGfsy0,payment,0,151581,151581,INR,0,0,False,True,1785752520,1785925320,setl_dX5Mt2ZMndT1DJ,,default,Payment via UPI,,,624182764238,order_L9flW91gQk8KS0,RCPT-D2C-100047,upi,,,,
pay_SI6KJ5sCw3EvnS,payment,0,74577,74577,INR,0,0,False,True,1785917340,1785928140,setl_1gJM7KlW1cmJHz,,default,Payment via UPI,,,692853922261,order_BGvTyUUASuFsnS,RCPT-D2C-100353,upi,,,,
pay_YMjtXd5jTnee0T,payment,0,37054,37054,INR,0,0,False,True,1785758640,1785931440,setl_dX5Mt2ZMndT1DJ,,default,Payment via UPI,,,624182764238,order_BPVOMgiYlZA7WK,RCPT-D2C-100078,upi,,,,
pay_Hd7pXkG42gigLh,payment,0,244241,249241,INR,4237,763,False,True,1785921960,1785932760,setl_1gJM7KlW1cmJHz,,default,Payment via WALLET,,,692853922261,order_NIBFVOUOHDaLCF,RCPT-D2C-100255,wallet,,,,
pay_4tCpjJ2QgaGwdb,payment,0,332317,332317,INR,0,0,False,True,1785761700,1785934500,setl_dX5Mt2ZMndT1DJ,,default,Payment via UPI,,,624182764238,order_taUZzh2RD8gMtI,RCPT-D2C-100308,upi,,,,
pay_AU87ayaCFyPJug,payment,0,60169,60169,INR,0,0,False,True,1785763080,1785935880,setl_dX5Mt2ZMndT1DJ,,default,Payment via UPI,,,624182764238,order_rKJzWxINM7OrVt,RCPT-D2C-100131,upi,,,,
pay_cEDWErJiDfqQ1O,payment,0,84116,84116,INR,0,0,False,True,1785763560,1785936360,setl_dX5Mt2ZMndT1DJ,,default,Payment via UPI,,,624182764238,order_zqDVB7n5sVRmgM,RCPT-D2C-100304,upi,,,,
pay_DusTpkr0cStY4q,payment,0,69048,70462,INR,1198,216,False,True,1785764100,1785936900,setl_dX5Mt2ZMndT1DJ,,default,Payment via WALLET,,,624182764238,order_WB8dWKnHfDNxSI,RCPT-D2C-100001,wallet,,,,
pay_lc9py81kiMThNe,payment,0,213610,217983,INR,3706,667,False,True,1785764940,1785937740,setl_dX5Mt2ZMndT1DJ,,default,Payment via WALLET,,,624182764238,order_uVIXWgjlOnRqgI,RCPT-D2C-100204,wallet,,,,
pay_Ih1WolAqAN8EpS,payment,0,252085,253501,INR,1200,216,False,True,1785765960,1785938760,setl_dX5Mt2ZMndT1DJ,,default,Payment via NETBANKING,,,624182764238,order_QmGlJ2OLxcWyJN,RCPT-D2C-100055,netbanking,,,,
pay_I55gsg9LSfiwj5,payment,0,42459,42459,INR,0,0,False,True,1785767700,1785940500,setl_dX5Mt2ZMndT1DJ,,default,Payment via UPI,,,624182764238,order_fiT5eIMvdm24HV,RCPT-D2C-100429,upi,,,,
pay_iECuELqNsFYJ6h,payment,0,101620,101620,INR,0,0,False,True,1785768180,1785940980,setl_dX5Mt2ZMndT1DJ,,default,Payment via UPI,,,624182764238,order_0vTXEJjUpbOHCF,RCPT-D2C-100244,upi,,,,
pay_d59pHmbROJzgah,payment,0,41080,41080,INR,0,0,False,True,1785768900,1785941700,setl_dX5Mt2ZMndT1DJ,,default,Payment via UPI,,,624182764238,order_cw4IT9cGThiCpv,RCPT-D2C-100390,upi,,,,
pay_y4HRAYF41i1oh9,payment,0,177200,187995,USD,10152,643,False,True,1785769080,1785941880,setl_dX5Mt2ZMndT1DJ,,default,Payment (International) via CARD,,,624182764238,order_PZ2OHrUmAshasx,RCPT-D2C-100280,card,Visa,INDB,credit,
pay_A7ujvzKfOrurvS,payment,0,113314,115912,INR,2202,396,False,True,1785803880,1785976680,setl_KpOHfg2LBxMGEU,,default,Payment via CARD,,,431752571167,order_zNi1KJx6tNhGdG,RCPT-D2C-100125,card,MasterCard,ICIC,credit,
pay_G2kdiNtegBoy1X,payment,0,154302,156802,INR,0,0,False,True,1785804360,1785977160,setl_KpOHfg2LBxMGEU,,default,Payment via UPI,,,431752571167,order_hVav8dNrLZgw7H,RCPT-D2C-100052,upi,,,,
pay_N9cO1XwQIFMpNc,payment,0,70688,70688,INR,0,0,False,True,1785806880,1785979680,setl_KpOHfg2LBxMGEU,,default,Payment via UPI,,,431752571167,order_vcQ24HaWMlabIa,RCPT-D2C-100434,upi,,,,
pay_bJlQa2YzQPAYQv,payment,0,42172,42172,INR,0,0,False,True,1785807900,1785980700,setl_KpOHfg2LBxMGEU,,default,Payment via UPI,,,431752571167,order_uSzrrFcAavMtPj,RCPT-D2C-100462,upi,,,,
pay_99ZZrbMXqsjvpS,payment,0,48567,48567,INR,0,0,False,True,1785812400,1785985200,setl_KpOHfg2LBxMGEU,,default,Payment via UPI,,,431752571167,order_ZqkZgZMY8J9gxV,RCPT-D2C-100228,upi,,,,
pay_ox4kw6P06pzD4u,payment,0,218387,219803,INR,1200,216,False,True,1785814200,1785987000,setl_KpOHfg2LBxMGEU,,default,Payment via NETBANKING,,,431752571167,order_KwJ0TQgpUYb1TI,RCPT-D2C-100177,netbanking,,,,
pay_RMGo6GRN4YdCAZ,payment,0,121772,121772,INR,0,0,False,True,1785815640,1785988440,setl_KpOHfg2LBxMGEU,,default,Payment via UPI,,,431752571167,order_2ybsOgoSdBJQmv,RCPT-D2C-100050,upi,,,,
pay_6oOqRK6kuybwXD,payment,0,59029,59029,INR,0,0,False,True,1785815700,1785988500,setl_KpOHfg2LBxMGEU,,default,Payment via UPI,,,431752571167,order_uuJduOOQzVEF6I,RCPT-D2C-100427,upi,,,,
pay_4b7Do7QSjZxAWc,payment,0,198373,198373,INR,0,0,False,True,1785816120,1785988920,setl_KpOHfg2LBxMGEU,,default,Payment via UPI,,,431752571167,order_pJmO6vxpqoi84O,RCPT-D2C-100471,upi,,,,
pay_YMdSWPbCRqBVzJ,payment,0,111092,112508,INR,1200,216,False,True,1785828120,1786000920,setl_KpOHfg2LBxMGEU,,default,Payment via NETBANKING,,,431752571167,order_PtIFMRi1yIjcd1,RCPT-D2C-100087,netbanking,,,,
pay_273Du2m2PEr8sp,payment,0,170171,170171,INR,0,0,False,True,1785831480,1786004280,setl_KpOHfg2LBxMGEU,,default,Payment via UPI,,,431752571167,order_NYbTmXhy3X5iUN,RCPT-D2C-100305,upi,,,,
pay_TJQGG4PHJfRiiH,payment,0,81922,83801,INR,1592,287,False,True,1785994800,1786005600,setl_5uMmXEyDrLU8Z5,,default,Payment via CARD,,,4010945537j3c855,order_UdPKkiCgQX8MSZ,RCPT-D2C-100129,card,American Express,SBIN,credit,
pay_AuDPbIP7wAP50W,payment,0,169781,169781,INR,0,0,False,True,1785834060,1786006860,setl_KpOHfg2LBxMGEU,,default,Payment via UPI,,,431752571167,order_PxF1elYbVewCOq,RCPT-D2C-100199,upi,,,,
pay_EgnVcR9SXTqtor,payment,0,32816,33569,INR,638,115,False,True,1785835020,1786007820,setl_KpOHfg2LBxMGEU,,default,Payment via CARD,,,431752571167,order_Y8hzrD6pffXsBD,RCPT-D2C-100136,card,American Express,ICIC,debit,
pay_TGVWkgNFAgY1Yl,payment,0,134485,134485,INR,0,0,False,True,1785841380,1786014180,setl_KpOHfg2LBxMGEU,,default,Payment via UPI,,,431752571167,order_sImofFFJ6AThaL,RCPT-D2C-100431,upi,,,,
pay_9fIhbALOriJovi,payment,0,106811,106811,INR,0,0,False,True,1785843060,1786015860,setl_KpOHfg2LBxMGEU,,default,Payment via UPI,,,431752571167,order_gHhW1f96EWN294,RCPT-D2C-100114,upi,,,,
pay_P9FOnLKGTQj09B,payment,0,262098,262098,INR,0,0,False,True,1785844860,1786017660,setl_KpOHfg2LBxMGEU,,default,Payment via UPI,,,431752571167,order_BG7svMQB1mokdh,RCPT-D2C-100074,upi,,,,
pay_WQ7SDtwX6Ux9mg,payment,0,77389,77389,INR,0,0,False,True,1785849480,1786022280,setl_KpOHfg2LBxMGEU,,default,Payment via UPI,,,431752571167,order_e2SnvByaBbhxGW,RCPT-D2C-100046,upi,,,,
pay_pJn0meq7WJjjIB,payment,0,108660,108660,INR,0,0,False,True,1785890340,1786063140,setl_1tYuujARsIcmy9,,default,Payment via UPI,,,128806061157,order_AzupGhv7Ib3M03,RCPT-D2C-100007,upi,,,,
pay_TW4EdjIKrVc7p2,payment,0,62131,62131,INR,0,0,False,True,1785908100,1786080900,setl_1tYuujARsIcmy9,,default,Payment via UPI,,,128806061157,order_qymjMwrVFv1GWt,RCPT-D2C-100460,upi,,,,
pay_zqptglHcPfqhlr,payment,0,62500,62500,INR,0,0,False,True,1785911640,1786084440,setl_1tYuujARsIcmy9,,default,Payment via UPI,,,128806061157,order_zX5h9jMbEl5QkY,RCPT-D2C-100165,upi,,,,
pay_o8Lk1OkfthQ7bq,payment,0,103926,103926,INR,0,0,False,True,1785914220,1786087020,setl_1tYuujARsIcmy9,,default,Payment via UPI,,,128806061157,order_rkW7AH1wxpS5C4,RCPT-D2C-100091,upi,,,,
pay_cqDhY1cWvwGhO9,payment,0,114287,116908,INR,2221,400,False,True,1786077180,1786087980,setl_zOpQetZ69o4wDo,,default,Payment via CARD,,,379230697628,order_rv7JaVqWIrMnn2,RCPT-D2C-100079,card,RuPay,ICIC,debit,
pay_gvUytvlrtILaOg,payment,0,44655,44655,INR,0,0,False,True,1786083660,1786094460,setl_zOpQetZ69o4wDo,,default,Payment via UPI,,,379230697628,order_yCDxFG6kGRWKr8,RCPT-D2C-100426,upi,,,,
pay_f1xU2ayW4zRcdE,payment,0,79901,79901,INR,0,0,False,True,1785924300,1786097100,setl_1tYuujARsIcmy9,,default,Payment via UPI,,,128806061157,order_xeFJJBhDkYGc3A,RCPT-D2C-100450,upi,,,,
pay_t5ttfj2jJAVet1,payment,0,90382,92455,INR,1757,316,False,True,1785924480,1786097280,setl_1tYuujARsIcmy9,,default,Payment via CARD,,,128806061157,order_0ZXkBpfC6HeEFk,RCPT-D2C-100269,card,Visa,UTIB,debit,
pay_kdY7WUAVleVOBP,payment,0,118286,118286,INR,0,0,False,True,1785924540,1786097340,setl_1tYuujARsIcmy9,,default,Payment via UPI,,,128806061157,order_d4mCoJuqJRYREg,RCPT-D2C-100104,upi,,,,
rfnd_5xG3MxbokoGXyS,refund,59143,0,59143,INR,0,0,False,True,1785924540,1786097340,setl_1tYuujARsIcmy9,,default,Refund via UPI,,rfnd_5xG3MxbokoGXyS,128806061157,order_d4mCoJuqJRYREg,RCPT-D2C-100104,upi,,,,
pay_3oYyAG98OZQPBl,payment,0,52435,52435,INR,0,0,False,True,1786087680,1786098480,setl_zOpQetZ69o4wDo,,default,Payment via UPI,,,379230697628,order_GdtalqgFPcSNDX,RCPT-D2C-100230,upi,,,,
pay_2NFR5PYZpcb9T2,payment,0,216411,216411,INR,0,0,False,True,1785927720,1786100520,setl_1tYuujARsIcmy9,,default,Payment via UPI,,,128806061157,order_039BICbtw5ze9l,RCPT-D2C-100023,upi,,,,
pay_07gPSkDdtwqwor,payment,0,246649,246649,INR,0,0,False,True,1785930420,1786103220,setl_1tYuujARsIcmy9,,default,Payment via UPI,,,128806061157,order_gHdW6YCIy8wt5T,RCPT-D2C-100388,upi,,,,
pay_JMl6kgCZLvlpRo,payment,0,222264,235803,USD,12733,806,False,True,1785931680,1786104480,setl_1tYuujARsIcmy9,,default,Payment (International) via CARD,,,128806061157,order_wPSxiBajapFz8r,RCPT-D2C-100137,card,RuPay,IDFB,debit,
pay_5JxGEy3liY7XfF,payment,0,23608,24150,INR,459,83,False,True,1785941940,1786114740,setl_1tYuujARsIcmy9,,default,Payment via CARD,,,128806061157,order_Ut6Ly1iu5JfiUQ,RCPT-D2C-100301,card,MasterCard,UTIB,debit,
pay_KHRD87148Qftf4,payment,0,54683,54683,INR,0,0,False,True,1786104300,1786115100,setl_zOpQetZ69o4wDo,,default,Payment via UPI,,,379230697628,order_DwbflVbEBq8Cqg,RCPT-D2C-100485,upi,,,,
pay_xoPiQP9DKWWaFM,payment,0,68127,69689,INR,1324,238,False,True,1786065240,1786324440,setl_wjaSsXVpUoKZa3,,default,Payment via CARD,,,310925085643,order_oTIIrtfqePtPAg,RCPT-D2C-100093,card,MasterCard,SBIN,debit,
pay_bwTEgx7cPrJLTb,payment,0,79177,79177,INR,0,0,False,True,1786067160,1786326360,setl_wjaSsXVpUoKZa3,,default,Payment via UPI,,,310925085643,order_U76Gtgb7KlCfH2,RCPT-D2C-100200,upi,,,,
pay_7LGwmWM07EhATE,payment,0,144188,144188,INR,0,0,False,True,1786068240,1786327440,setl_wjaSsXVpUoKZa3,,default,Payment via UPI,,,310925085643,order_wVVP826c52lfmX,RCPT-D2C-100458,upi,,,,
pay_07g4aoKhS0gNg5,payment,0,65864,67280,INR,1200,216,False,True,1785982260,1786327860,setl_wjaSsXVpUoKZa3,,default,Payment via NETBANKING,,,310925085643,order_MaLDokmGWkoouC,RCPT-D2C-100083,netbanking,,,,
pay_zpgIsnxKqg3USj,payment,0,69745,69745,INR,0,0,False,True,1785982260,1786327860,setl_wjaSsXVpUoKZa3,,default,Payment via UPI,,,310925085643,order_iIteunHIRTTrMi,RCPT-D2C-100213,upi,,,,
pay_eDR4xoTGFGfJ3x,payment,0,61306,61306,INR,0,0,False,True,1786156800,1786329600,setl_wjaSsXVpUoKZa3,,default,Payment via UPI,,,310925085643,order_UDt8nbezqNhlLE,RCPT-D2C-100302,upi,,,,
pay_PghOpzGpdCGAe4,payment,0,54177,56183,INR,1700,306,False,True,1786157280,1786330080,setl_wjaSsXVpUoKZa3,,default,Payment via NETBANKING,,,310925085643,order_0O1c6XC4SOHDMm,RCPT-D2C-100032,netbanking,,,,
pay_1nfZpzqirr3FeV,payment,0,55182,55182,INR,0,0,False,True,1785984480,1786330080,setl_wjaSsXVpUoKZa3,,default,Payment via UPI,,,310925085643,order_8BxKj2WIGmJYWr,RCPT-D2C-100375,upi,,,,
pay_Q6lrRcyuJSQscN,payment,0,34802,34802,INR,0,0,False,True,1786073100,1786332300,setl_wjaSsXVpUoKZa3,,default,Payment via UPI,,,310925085643,order_6mKlMcI4NuVLZ0,RCPT-D2C-100260,upi,,,,
pay_4YESaSSvHNbUcS,payment,0,102973,105334,INR,2001,360,False,True,1786075620,1786334820,setl_wjaSsXVpUoKZa3,,default,Payment via CARD,,,310925085643,order_M34oyeTYn6F8Hc,RCPT-D2C-100240,card,MasterCard,IDFB,debit,
pay_XKcqKPzolf3Fvu,payment,0,134519,134519,INR,0,0,False,True,1786076400,1786335600,setl_wjaSsXVpUoKZa3,,default,Payment via UPI,,,310925085643,order_Gxxht0Ct8mSdwh,RCPT-D2C-100493,upi,,,,
pay_xEoYin29cNGa6e,payment,0,112345,113761,INR,1200,216,False,True,1786164360,1786337160,setl_wjaSsXVpUoKZa3,,default,Payment via NETBANKING,,,310925085643,order_zUrDvYOpde0h9M,RCPT-D2C-100194,netbanking,,,,
pay_eQLgAopzg5Bper,payment,0,233216,238565,INR,4533,816,False,True,1786079520,1786338720,setl_wjaSsXVpUoKZa3,,default,Payment via CARD,,,310925085643,order_vCipOxfqmIpXJY,RCPT-D2C-100161,card,American Express,HDFC,debit,
pay_oH9CjbiMdw1Sfq,payment,0,178850,182952,INR,3476,626,False,True,1786081140,1786340340,setl_wjaSsXVpUoKZa3,,default,Payment via CARD,,,310925085643,order_RpZB8nOVgQbpBo,RCPT-D2C-100490,card,American Express,ICIC,credit,
pay_JCqR6gULqTM5cj,payment,0,37795,38569,INR,656,118,False,True,1786329780,1786340580,setl_cu8Wk8LSDBbsVY,,default,Payment via WALLET,,,831957253914,order_O1mHHqhApmFzjc,RCPT-D2C-100318,wallet,,,,
pay_sxKSr3Gyrb0db1,payment,0,61944,63607,INR,1409,254,False,True,1786082220,1786341420,setl_wjaSsXVpUoKZa3,,default,Payment via CARD,,,310925085643,order_rt8bM2GJaLg5JU,RCPT-D2C-100218,card,MasterCard,PUNB,debit,
pay_wfFvtVvkQGpf9b,payment,0,137641,137641,INR,0,0,False,True,1786331100,1786341900,setl_cu8Wk8LSDBbsVY,,default,Payment via UPI,,,831957253914,order_fMyiUAW6FpSon7,RCPT-D2C-100095,upi,,,,
pay_wjR1HlCpcQ37MJ,payment,0,45174,45174,INR,0,0,False,True,1786171320,1786344120,setl_wjaSsXVpUoKZa3,,default,Payment via UPI,,,310925085643,order_cYwnRXJmhKbJ8R,RCPT-D2C-100224,upi,,,,
rfnd_q6yT6lctwEG7zG,refund,45174,0,45174,INR,0,0,False,True,1786171320,1786344120,setl_wjaSsXVpUoKZa3,,default,Refund via UPI,,rfnd_q6yT6lctwEG7zG,310925085643,order_cYwnRXJmhKbJ8R,RCPT-D2C-100224,upi,,,,
pay_VcRKXRl3RQL51z,payment,0,65544,67047,INR,1274,229,False,True,1786085940,1786345140,setl_wjaSsXVpUoKZa3,,default,Payment via CARD,,,310925085643,order_EkbTUAiHm1c9S9,RCPT-D2C-100403,card,American Express,INDB,debit,
pay_DTvk4WaaB3xzXp,payment,0,218555,218555,INR,0,0,False,True,1786000440,1786346040,setl_wjaSsXVpUoKZa3,,default,Payment via UPI,,,310925085643,order_MZuZN8Ab5KbH0F,RCPT-D2C-100034,upi,,,,
pay_t0Ju5XVt4OJQHy,payment,0,156541,159746,INR,2716,489,False,True,1786173720,1786346520,setl_wjaSsXVpUoKZa3,,default,Payment via WALLET,,,310925085643,order_lcPMcHMsusvwrE,RCPT-D2C-100387,wallet,,,,
pay_yj8XRAUsCpdiSj,payment,0,76939,78514,INR,1335,240,False,True,1786250040,1786347240,setl_cu8Wk8LSDBbsVY,,default,Payment via WALLET,,,831957253914,order_Vsa3vtRZbUiaYJ,RCPT-D2C-100115,wallet,,,,
pay_Ae6pWzpF1qH6Yy,payment,0,15906,15906,INR,0,0,False,True,1786174920,1786347720,setl_wjaSsXVpUoKZa3,,default,Payment via UPI,,,310925085643,order_twMe4LbyoVFz8u,RCPT-D2C-100006,upi,,,,
pay_nS3G9Sm2DQ3oK6,payment,0,129343,129579,INR,200,36,False,True,1786175220,1786348020,setl_wjaSsXVpUoKZa3,,default,Payment via UPI,,,310925085643,order_PpIng6l9dIeAJN,RCPT-D2C-100292,upi,,,,
pay_RtaWr4Y9OJFLJO,payment,0,205145,205145,INR,0,0,False,True,1786002900,1786348500,setl_wjaSsXVpUoKZa3,,default,Payment via UPI,,,310925085643,order_qOAf1lLQSAJaiX,RCPT-D2C-100002,upi,,,,
pay_8AGomtnWNCXVJC,payment,0,69884,69884,INR,0,0,False,True,1786003680,1786349280,setl_wjaSsXVpUoKZa3,,default,Payment via UPI,,,310925085643,order_NQCmup6N0A0Uar,RCPT-D2C-100033,upi,,,,
rfnd_jeEaGyZqjJoiFp,refund,69884,0,69884,INR,0,0,False,True,1786003680,1786349280,setl_wjaSsXVpUoKZa3,,default,Refund via UPI,,rfnd_jeEaGyZqjJoiFp,310925085643,order_NQCmup6N0A0Uar,RCPT-D2C-100033,upi,,,,
pay_jmvHvNnt6lDEV6,payment,0,128621,128621,INR,0,0,False,True,1786090920,1786350120,setl_wjaSsXVpUoKZa3,,default,Payment via UPI,,,310925085643,order_KroYOwBGI2LiUd,RCPT-D2C-100365,upi,,,,
pay_W5zYdNUy5BGquA,payment,0,93448,93448,INR,0,0,False,True,1786177500,1786350300,setl_wjaSsXVpUoKZa3,,default,Payment via UPI,,,310925085643,order_Ezp6Zr3WDOkYa6,RCPT-D2C-100111,upi,,,,
rfnd_bPOWNUwbpRT4fN,refund,46724,0,46724,INR,0,0,False,True,1786177500,1786350300,setl_wjaSsXVpUoKZa3,,default,Refund via UPI,,rfnd_bPOWNUwbpRT4fN,310925085643,order_Ezp6Zr3WDOkYa6,RCPT-D2C-100111,upi,,,,
pay_kqollyyjXpAuiy,payment,0,119577,119577,INR,0,0,False,True,1786092240,1786351440,setl_wjaSsXVpUoKZa3,,default,Payment via UPI,,,310925085643,order_uIEHOvqoI2BKfK,RCPT-D2C-100283,upi,,,,
pay_e4Y1195VYpHjou,payment,0,42696,43675,INR,830,149,False,True,1786180440,1786353240,setl_wjaSsXVpUoKZa3,,default,Payment via CARD,,,310925085643,order_vF7ZqJTagISUc1,RCPT-D2C-100241,card,Visa,INDB,debit,
pay_cmc6YRS9oN44MH,payment,0,54838,56096,INR,1066,192,False,True,1786007880,1786353480,setl_wjaSsXVpUoKZa3,,default,Payment via CARD,,,310925085643,order_pXiXotqhZrAqXo,RCPT-D2C-100478,card,Visa,UTIB,credit,
pay_c0Lze5iXwOvgi7,payment,0,82953,82953,INR,0,0,False,True,1786009620,1786355220,setl_wjaSsXVpUoKZa3,,default,Payment via UPI,,,310925085643,order_Lnd3uMugN6OkWy,RCPT-D2C-100454,upi,,,,
pay_aQcOeBrt5LKL5J,payment,0,30195,30888,INR,587,106,False,True,1786096320,1786355520,setl_wjaSsXVpUoKZa3,,default,Payment via CARD,,,310925085643,order_yWovpDchnr5Cyc,RCPT-D2C-100188,card,American Express,INDB,credit,
pay_tEfybatRuTbzvQ,payment,0,101674,101674,INR,0,0,False,True,1786010100,1786355700,setl_wjaSsXVpUoKZa3,,default,Payment via UPI,,,310925085643,order_tq3fs8CcfWgBpe,RCPT-D2C-100288,upi,,,,
pay_R2zzjrx6fWiFij,payment,0,262899,268929,INR,5110,920,False,True,1786012080,1786357680,setl_wjaSsXVpUoKZa3,,default,Payment via CARD,,,310925085643,order_fzYMywu7OTmDrZ,RCPT-D2C-100064,card,MasterCard,UTIB,debit,
pay_jLBPXggeIj8ua5,payment,0,53339,54563,INR,1037,187,False,True,1786185600,1786358400,setl_wjaSsXVpUoKZa3,,default,Payment via CARD,,,310925085643,order_ldKCX1FBpU1JBm,RCPT-D2C-100264,card,Visa,SBIN,credit,
pay_8EXoyUiG5enNp1,payment,0,126767,126767,INR,0,0,False,True,1786100040,1786359240,setl_wjaSsXVpUoKZa3,,default,Payment via UPI,,,310925085643,order_bx1CcqIlOazpDT,RCPT-D2C-100498,upi,,,,
pay_a9yf32CN18eFNH,payment,0,49526,49526,INR,0,0,False,True,1786187340,1786360140,setl_wjaSsXVpUoKZa3,,default,Payment via UPI,,,310925085643,order_ZyElldOCsdLYse,RCPT-D2C-100314,upi,,,,
pay_TfmB8H4zeaamTd,payment,0,34171,34955,INR,664,120,False,True,1786187580,1786360380,setl_wjaSsXVpUoKZa3,,default,Payment via CARD,,,310925085643,order_JViNFWZ2dnCSVF,RCPT-D2C-100134,card,Visa,SBIN,debit,
pay_3lEX7bwR2DRGD1,payment,0,76474,77890,INR,1200,216,False,True,1786102200,1786361400,setl_wjaSsXVpUoKZa3,,default,Payment via NETBANKING,,,310925085643,order_qSo7JPRbgUMxXy,RCPT-D2C-100020,netbanking,,,,
pay_WUFuXBVjdctBYV,payment,0,164558,167927,INR,2855,514,False,True,1786017420,1786363020,setl_wjaSsXVpUoKZa3,,default,Payment via WALLET,,,310925085643,order_hnSg9EH6yO4GFQ,RCPT-D2C-100011,wallet,,,,
pay_cpgf1GB73McC4x,payment,0,240657,246176,INR,4677,842,False,True,1786017960,1786363560,setl_wjaSsXVpUoKZa3,,default,Payment via CARD,,,310925085643,order_pkGibN2xToumO8,RCPT-D2C-100219,card,MasterCard,YESB,debit,
pay_aq75SINVrE7aEg,payment,0,278764,278764,INR,0,0,False,True,1786019100,1786364700,setl_wjaSsXVpUoKZa3,,default,Payment via UPI,,,310925085643,order_A2kqPkbZNkuRy2,RCPT-D2C-100141,upi,,,,
pay_lRIfaX85AbasDg,payment,0,195279,195279,INR,0,0,False,True,1786105500,1786364700,setl_wjaSsXVpUoKZa3,,default,Payment via UPI,,,310925085643,order_Gf9l12u3CZsIfx,RCPT-D2C-100254,upi,,,,
pay_E7n3X4vIxc9G77,payment,0,35862,35862,INR,0,0,False,True,1786105920,1786365120,setl_wjaSsXVpUoKZa3,,default,Payment via UPI,,,310925085643,order_Y1BoEcVU0OeHoX,RCPT-D2C-100069,upi,,,,
pay_WgS4ga8DhvYUIm,payment,0,57765,59090,INR,1123,202,False,True,1786192620,1786365420,setl_wjaSsXVpUoKZa3,,default,Payment via CARD,,,310925085643,order_cQtuFfTPcpA2GF,RCPT-D2C-100425,card,American Express,ICIC,debit,
pay_CJdBew9Gw4tGLJ,payment,0,42909,42909,INR,0,0,False,True,1786194780,1786367580,setl_wjaSsXVpUoKZa3,,default,Payment via UPI,,,310925085643,order_zhKngUGgy94Y64,RCPT-D2C-100150,upi,,,,
pay_KJ8NkItUjXtZhw,payment,0,51528,51528,INR,0,0,False,True,1786022760,1786368360,setl_wjaSsXVpUoKZa3,,default,Payment via UPI,,,310925085643,order_HEeFH3uUdLgL3v,RCPT-D2C-100481,upi,,,,
pay_rvEFtqJ4eULveh,payment,0,56238,56238,INR,0,0,False,True,1786022880,1786368480,setl_wjaSsXVpUoKZa3,,default,Payment via UPI,,,310925085643,order_ppuzUFDDc86Rj8,RCPT-D2C-100432,upi,,,,
pay_y31jd8Veydyv31,payment,0,219910,224953,INR,4274,769,False,True,1786024200,1786369800,setl_wjaSsXVpUoKZa3,,default,Payment via CARD,,,310925085643,order_NuVXPEGHU4B5yB,RCPT-D2C-100178,card,Visa,ICIC,credit,
pay_u81PXzaSX6VJaN,payment,0,22205,23621,INR,1200,216,False,True,1786198740,1786371540,setl_wjaSsXVpUoKZa3,,default,Payment via NETBANKING,,,310925085643,order_2qDLFyyjgpjT8w,RCPT-D2C-100358,netbanking,,,,
pay_VvXg2oPW3jtZVD,payment,0,144476,147795,INR,2813,506,False,True,1786198800,1786371600,setl_wjaSsXVpUoKZa3,,default,Payment via WALLET,,,310925085643,order_tVqU4yegX5PzPW,RCPT-D2C-100105,wallet,,,,
pay_r7vEUVEJYI7Tis,payment,0,44353,44353,INR,0,0,False,True,1786026180,1786371780,setl_wjaSsXVpUoKZa3,,default,Payment via UPI,,,310925085643,order_Cl4H2zdgwJf010,RCPT-D2C-100237,upi,,,,
pay_7xkvsG2l6FvuVV,payment,0,172762,172762,INR,0,0,False,True,1786199520,1786372320,setl_wjaSsXVpUoKZa3,,default,Payment via UPI,,,310925085643,order_PYbRvzrpWTbvzL,RCPT-D2C-100415,upi,,,,
pay_7RkXGjfwlVKV4G,payment,0,323432,324848,INR,1200,216,False,True,1786027080,1786372680,setl_wjaSsXVpUoKZa3,,default,Payment via NETBANKING,,,310925085643,order_XY9HIflS9VYkjL,RCPT-D2C-100195,netbanking,,,,
pay_4dfxo5NAPN5WY4,payment,0,145061,145061,INR,0,0,False,True,1786115160,1786374360,setl_wjaSsXVpUoKZa3,,default,Payment via UPI,,,310925085643,order_GGl4I8Mcdkl6or,RCPT-D2C-100148,upi,,,,
pay_JsrvlwQFzErfb3,payment,0,157926,161547,INR,3069,552,False,True,1786029120,1786374720,setl_wjaSsXVpUoKZa3,,default,Payment via CARD,,,310925085643,order_mwqicvF2Xe87XH,RCPT-D2C-100310,card,American Express,ICIC,debit,
pay_ekt5156t3cfPAk,payment,0,79280,79280,INR,0,0,False,True,1786030020,1786375620,setl_wjaSsXVpUoKZa3,,default,Payment via UPI,,,310925085643,order_5TN12CZo8VQavi,RCPT-D2C-100341,upi,,,,
pay_wyapmWFeyl6lb6,payment,0,185249,186665,INR,1200,216,False,True,1786193340,1786376940,setl_cu8Wk8LSDBbsVY,,default,Payment via NETBANKING,,,831957253914,order_jkx9Be4cyBMUPe,RCPT-D2C-100476,netbanking,,,,
pay_7FMJeVEhWUSave,payment,0,43575,44574,INR,847,152,False,True,1786288500,1786385700,setl_cu8Wk8LSDBbsVY,,default,Payment via CARD,,,831957253914,order_3QVD7FQKQFEnDs,RCPT-D2C-100169,card,Visa,SBIN,debit,
pay_QBXDlDPjthpdGm,payment,0,61447,62856,INR,1194,215,False,True,1786288920,1786386120,setl_cu8Wk8LSDBbsVY,,default,Payment via CARD,,,831957253914,order_6VEisQWGJ9Evyz,RCPT-D2C-100273,card,RuPay,IDFB,credit,
pay_ThwNScgrLRWzBQ,payment,0,136090,136090,INR,0,0,False,True,1786236060,1786408860,setl_4qcreV4Mip3kdD,,default,Payment via UPI,,,573387546335,order_CABugjMgeP7cGq,RCPT-D2C-100013,upi,,,,
pay_4LvHu4KG1Nt5Gi,payment,0,112952,115542,INR,2195,395,False,True,1786236900,1786409700,setl_4qcreV4Mip3kdD,,default,Payment via CARD,,,573387546335,order_EFGWOVwtxWsYXP,RCPT-D2C-100488,card,RuPay,UTIB,credit,
pay_U8TGwVAQpS94oO,payment,0,152187,155677,INR,2958,532,False,True,1786237560,1786410360,setl_4qcreV4Mip3kdD,,default,Payment via CARD,,,573387546335,order_DsCuyBL7blpyrR,RCPT-D2C-100457,card,American Express,IDFB,debit,
pay_S0RyWrysyDsv4k,payment,0,73261,73261,INR,0,0,False,True,1786239780,1786412580,setl_4qcreV4Mip3kdD,,default,Payment via UPI,,,573387546335,order_pqHkCBKkQ3hF0o,RCPT-D2C-100262,upi,,,,
pay_mXI21i7khmLQFO,payment,0,121131,121131,INR,0,0,False,True,1786243560,1786416360,setl_4qcreV4Mip3kdD,,default,Payment via UPI,,,573387546335,order_QvCUjR6hCuytxV,RCPT-D2C-100438,upi,,,,
pay_CKsXkm2AWh7c9h,payment,0,101626,101626,INR,0,0,False,True,1786246860,1786419660,setl_4qcreV4Mip3kdD,,default,Payment via UPI,,,573387546335,order_EHWtP0136Uxt3Y,RCPT-D2C-100073,upi,,,,
pay_R6VEi7t7Dqt8gm,payment,0,341994,348995,INR,5933,1068,False,True,1786248420,1786421220,setl_4qcreV4Mip3kdD,,default,Payment via WALLET,,,573387546335,order_PvDmWOJFkvSceH,RCPT-D2C-100346,wallet,,,,
pay_XRV99nCQvtsU7R,payment,0,50039,50039,INR,0,0,False,True,1786249020,1786421820,setl_4qcreV4Mip3kdD,,default,Payment via UPI,,,573387546335,order_TAuwm6zo88EB0O,RCPT-D2C-100029,upi,,,,
pay_a5KD1uSJoBczgV,payment,0,148793,148793,INR,0,0,False,True,1786249740,1786422540,setl_4qcreV4Mip3kdD,,default,Payment via UPI,,,573387546335,order_gIcAy18hSLXbC6,RCPT-D2C-100071,upi,,,,
pay_R4HtXOf54fZBKA,payment,0,86439,86439,INR,0,0,False,True,1786253880,1786426680,setl_4qcreV4Mip3kdD,,default,Payment via UPI,,,573387546335,order_8frcZTuJaWYUH1,RCPT-D2C-100019,upi,,,,
pay_qMqicXZQOLytdK,payment,0,126479,126479,INR,0,0,False,True,1786416960,1786427760,setl_6huZXSEwxvjE7m,,default,Payment via UPI,,,4891066411y3m685,order_16X0uDBYO49UrZ,RCPT-D2C-100212,upi,,,,
pay_vTWexYl7QlIioN,payment,0,112766,115353,INR,2192,395,False,True,1786257060,1786429860,setl_4qcreV4Mip3kdD,,default,Payment via CARD,,,573387546335,order_2e8p0E0GlcPGS3,RCPT-D2C-100492,card,American Express,PUNB,debit,
pay_euzLwhJArIXfhq,payment,0,72937,74430,INR,1265,228,False,True,1786258080,1786430880,setl_4qcreV4Mip3kdD,,default,Payment via WALLET,,,573387546335,order_PnXhVzYQBjMAkQ,RCPT-D2C-100119,wallet,,,,
pay_do8fFxZhMw2sTh,payment,0,148960,148960,INR,0,0,False,True,1786260540,1786433340,setl_4qcreV4Mip3kdD,,default,Payment via UPI,,,573387546335,order_flDMsogZzufv5Q,RCPT-D2C-100363,upi,,,,
pay_rGsNrfSthSdddx,payment,0,80597,82445,INR,1566,282,False,True,1786425060,1786435860,setl_6huZXSEwxvjE7m,,default,Payment via CARD,,,4891066411y3m685,order_H5jMTF7eBSdE0g,RCPT-D2C-100018,card,RuPay,UTIB,credit,
pay_3gWNpfyHVMUtTI,payment,0,117018,119701,INR,2274,409,False,True,1786264380,1786437180,setl_4qcreV4Mip3kdD,,default,Payment via CARD,,,573387546335,order_loFyCZuj4ZikDZ,RCPT-D2C-100058,card,RuPay,HDFC,credit,
pay_msGP7P4PCMshPI,payment,0,77041,77041,INR,0,0,False,True,1786264860,1786437660,setl_4qcreV4Mip3kdD,,default,Payment via UPI,,,573387546335,order_ir1fW3fXqDMqoO,RCPT-D2C-100250,upi,,,,
pay_VJfge3Cz1CELn0,payment,0,109555,112067,INR,2129,383,False,True,1786266840,1786439640,setl_4qcreV4Mip3kdD,,default,Payment via CARD,,,573387546335,order_prmZ1e9Ks2cZO3,RCPT-D2C-100103,card,Visa,RATN,credit,
pay_rUz6AceVrwt9p4,payment,0,85861,85861,INR,0,0,False,True,1786274520,1786447320,setl_4qcreV4Mip3kdD,,default,Payment via UPI,,,573387546335,order_Ld9UyObF9NiaZ9,RCPT-D2C-100166,upi,,,,
pay_iwT7YWp2BOfpnA,payment,0,157549,161162,INR,3062,551,False,True,1786437540,1786448340,setl_6huZXSEwxvjE7m,,default,Payment via CARD,,,4891066411y3m685,order_f0KcldufXHOdsN,RCPT-D2C-100351,card,American Express,HDFC,debit,
pay_33kflkNQ7xRbG8,payment,0,79621,79621,INR,0,0,False,True,1786440660,1786451460,setl_6huZXSEwxvjE7m,,default,Payment via UPI,,,4891066411y3m685,order_cxl0m9IQ1CVMLY,RCPT-D2C-100066,upi,,,,
pay_oRPtBNDZcM5mS3,payment,0,72645,72645,INR,0,0,False,True,1786286760,1786459560,setl_4qcreV4Mip3kdD,,default,Payment via UPI,,,573387546335,order_gpGMPuD9ImDFEz,RCPT-D2C-100107,upi,,,,
pay_V2a39cSaJUJpLt,payment,0,255777,255777,INR,0,0,False,True,1786287660,1786460460,setl_4qcreV4Mip3kdD,,default,Payment via UPI,,,573387546335,order_KWRD7r2PVC2L5D,RCPT-D2C-100207,upi,,,,
pay_ZcUEqPbENqTyH5,payment,0,107496,108912,INR,1200,216,False,True,1786287900,1786460700,setl_4qcreV4Mip3kdD,,default,Payment via NETBANKING,,,573387546335,order_xJ8tpqXJQ4I9dO,RCPT-D2C-100010,netbanking,,,,
pay_JL7o4PdBMUHygt,payment,0,105632,105632,INR,0,0,False,True,1786324740,1786497540,setl_KYQPgzZx0CUxUo,,default,Payment via UPI,,,107113738502,order_h3XrtehTxEGqEn,RCPT-D2C-100172,upi,,,,
pay_szKHFupE7TBxu6,payment,0,382646,382646,INR,0,0,False,True,1786324800,1786497600,setl_KYQPgzZx0CUxUo,,default,Payment via UPI,,,107113738502,order_XtLnZogva5HHhd,RCPT-D2C-100223,upi,,,,
pay_XOYKgc1Slrh4Er,payment,0,66763,66763,INR,0,0,False,True,1786327560,1786500360,setl_KYQPgzZx0CUxUo,,default,Payment via UPI,,,107113738502,order_BBHbTeIJbOXdut,RCPT-D2C-100352,upi,,,,
pay_f4VucSmEHgaKwV,payment,0,94151,94151,INR,0,0,False,True,1786335600,1786508400,setl_KYQPgzZx0CUxUo,,default,Payment via UPI,,,107113738502,order_J7faC9qEwjky40,RCPT-D2C-100000,upi,,,,
pay_lttYk2lrTh8vBn,payment,0,119246,119246,INR,0,0,False,True,1786338060,1786510860,setl_KYQPgzZx0CUxUo,,default,Payment via UPI,,,107113738502,order_KNqdC2PU8ldzkP,RCPT-D2C-100465,upi,,,,
pay_kZU7N642XiAzAn,payment,0,108922,108922,INR,0,0,False,True,1786338900,1786511700,setl_KYQPgzZx0CUxUo,,default,Payment via UPI,,,107113738502,order_j4BLjaBMeUnAie,RCPT-D2C-100404,upi,,,,
rfnd_XFiOawyFKrOUc7,refund,108922,0,108922,INR,0,0,False,True,1786338900,1786511700,setl_KYQPgzZx0CUxUo,,default,Refund via UPI,,rfnd_XFiOawyFKrOUc7,107113738502,order_j4BLjaBMeUnAie,RCPT-D2C-100404,upi,,,,
pay_e87oMi93qqLXMm,payment,0,115151,115151,INR,0,0,False,True,1786349400,1786522200,setl_KYQPgzZx0CUxUo,,default,Payment via UPI,,,107113738502,order_MTStPtlEaANjEN,RCPT-D2C-100196,upi,,,,
pay_xMEGp6Sg0UgKvo,payment,0,144607,147568,INR,2509,452,False,True,1786351980,1786524780,setl_KYQPgzZx0CUxUo,,default,Payment via WALLET,,,107113738502,order_r1cfhgIXP9WIW4,RCPT-D2C-100413,wallet,,,,
pay_MdERO0NpAfBlzW,payment,0,215251,220188,INR,4184,753,False,True,1786355820,1786528620,setl_KYQPgzZx0CUxUo,,default,Payment via CARD,,,107113738502,order_3w3oEDBC2NXwWF,RCPT-D2C-100442,card,Visa,RATN,credit,
pay_dILg6Z7c6X4KjH,payment,0,40419,40419,INR,0,0,False,True,1786356360,1786529160,setl_KYQPgzZx0CUxUo,,default,Payment via UPI,,,107113738502,order_8uBo1spojgGMH6,RCPT-D2C-100447,upi,,,,
pay_6TJgvWGwKdrZFa,payment,0,58055,59386,INR,1128,203,False,True,1786357860,1786530660,setl_KYQPgzZx0CUxUo,,default,Payment via CARD,,,107113738502,order_Vp6qtZ4V5ClPMy,RCPT-D2C-100113,card,MasterCard,HDFC,credit,
pay_OF06VU1m1P9UNb,payment,0,134968,134968,INR,0,0,False,True,1786365540,1786538340,setl_KYQPgzZx0CUxUo,,default,Payment via UPI,,,107113738502,order_569ABDQk5fT6ix,RCPT-D2C-100081,upi,,,,
pay_AFECHrsxmNhYda,payment,0,24375,24375,INR,0,0,False,True,1786366080,1786538880,setl_KYQPgzZx0CUxUo,,default,Payment via UPI,,,107113738502,order_7nkpN6wuwyF6B1,RCPT-D2C-100152,upi,,,,
pay_ARDbFRU5ksAgaW,payment,0,21859,22306,INR,379,68,False,True,1786372560,1786545360,setl_KYQPgzZx0CUxUo,,default,Payment via WALLET,,,107113738502,order_5tli0LAkML51OG,RCPT-D2C-100197,wallet,,,,
pay_TfOktOTNuoWjwe,payment,0,182982,182982,INR,0,0,False,True,1786408200,1786581000,setl_5QeTXyM8b62E2z,,default,Payment via UPI,,,538327548029,order_kW0s6YF3Ak4wBl,RCPT-D2C-100246,upi,,,,
pay_lGcN7EosOGOOGc,payment,0,52703,52703,INR,0,0,False,True,1786408380,1786581180,setl_5QeTXyM8b62E2z,,default,Payment via UPI,,,538327548029,order_lHUbUe7KyZesKU,RCPT-D2C-100275,upi,,,,
pay_MgZKOqNbQqdFP5,payment,0,112642,112642,INR,0,0,False,True,1786408560,1786581360,setl_5QeTXyM8b62E2z,,default,Payment via UPI,,,538327548029,order_dAsOqZGMaFirSX,RCPT-D2C-100201,upi,,,,
rfnd_s2bEJFEDiMQ6oG,refund,112642,0,112642,INR,0,0,False,True,1786408560,1786581360,setl_5QeTXyM8b62E2z,,default,Refund via UPI,,rfnd_s2bEJFEDiMQ6oG,538327548029,order_dAsOqZGMaFirSX,RCPT-D2C-100201,upi,,,,
pay_PrYrtlOaTZ4tfB,payment,0,59007,60360,INR,1147,206,False,True,1786411620,1786584420,setl_5QeTXyM8b62E2z,,default,Payment via CARD,,,538327548029,order_y3PFLKWYLA4SZj,RCPT-D2C-100086,card,Visa,YESB,debit,
pay_dz0iKcGFWZ4LKN,payment,0,32160,32160,INR,0,0,False,True,1786414620,1786587420,setl_5QeTXyM8b62E2z,,default,Payment via UPI,,,538327548029,order_E7wAF6qZFIPdqD,RCPT-D2C-100239,upi,,,,
pay_wbEOr6Q797Vjqx,payment,0,148347,148347,INR,0,0,False,True,1786418220,1786591020,setl_5QeTXyM8b62E2z,,default,Payment via UPI,,,538327548029,order_BP8koR63vqDgvc,RCPT-D2C-100437,upi,,,,
rfnd_E5paD3PSD9LIvj,refund,148347,0,148347,INR,0,0,False,True,1786418220,1786591020,setl_5QeTXyM8b62E2z,,default,Refund via UPI,,rfnd_E5paD3PSD9LIvj,538327548029,order_BP8koR63vqDgvc,RCPT-D2C-100437,upi,,,,
pay_n1ORhFW88bc7Vs,payment,0,80916,89832,INR,1200,216,False,True,1786421940,1786594740,setl_5QeTXyM8b62E2z,,default,Payment via NETBANKING,,,538327548029,order_gvs11oocgDrsNb,RCPT-D2C-100092,netbanking,,,,
pay_WP7ns3cVKdgXh3,payment,0,58440,58440,INR,0,0,False,True,1786422720,1786595520,setl_5QeTXyM8b62E2z,,default,Payment via UPI,,,538327548029,order_uXrrqLbicR6xXg,RCPT-D2C-100382,upi,,,,
pay_tFusnCNCuI04nh,payment,0,80078,80078,INR,0,0,False,True,1786584900,1786595700,setl_DHdIKU7DxS82YP,,default,Payment via UPI,,,115709562851,order_OnkaZPRWJp3Vod,RCPT-D2C-100282,upi,,,,
pay_FMIb9ySnxX6Ctc,payment,0,45656,45656,INR,0,0,False,True,1786423500,1786596300,setl_5QeTXyM8b62E2z,,default,Payment via UPI,,,538327548029,order_YXCtwSabpmzQWP,RCPT-D2C-100120,upi,,,,
pay_zqYg9mHPv8puBX,payment,0,110055,110055,INR,0,0,False,True,1786428780,1786601580,setl_5QeTXyM8b62E2z,,default,Payment via UPI,,,538327548029,order_dWHB2GboIi3Ix7,RCPT-D2C-100466,upi,,,,
pay_m11PVsCu9JilkE,payment,0,22325,22782,INR,387,70,False,True,1786430280,1786603080,setl_5QeTXyM8b62E2z,,default,Payment via WALLET,,,538327548029,order_5vTXapfSY6gXMR,RCPT-D2C-100290,wallet,,,,
pay_0Z2jDUhJ9r7WP3,payment,0,134674,137762,INR,2617,471,False,True,1786430700,1786603500,setl_5QeTXyM8b62E2z,,default,Payment via CARD,,,538327548029,order_bqoAXGhLEUbMgq,RCPT-D2C-100076,card,RuPay,SBIN,debit,
rfnd_C3pnR6rnRoiz7C,refund,137762,0,137762,INR,0,0,False,True,1786430700,1786603500,setl_5QeTXyM8b62E2z,,default,Refund via CARD,,rfnd_C3pnR6rnRoiz7C,538327548029,order_bqoAXGhLEUbMgq,RCPT-D2C-100076,card,RuPay,SBIN,debit,
pay_ZpxWy4jTtGvM8z,payment,0,172690,176650,INR,3356,604,False,True,1786433520,1786606320,setl_5QeTXyM8b62E2z,,default,Payment via CARD,,,538327548029,order_2mptrUSRRnFOxC,RCPT-D2C-100263,card,Visa,PUNB,debit,
pay_972YHD8bhDPhKg,payment,0,94658,106658,INR,0,0,False,True,1786437180,1786609980,setl_5QeTXyM8b62E2z,,default,Payment via UPI,,,538327548029,order_3UNGFeQd78dyuI,RCPT-D2C-100160,upi,,,,
pay_haOhofeQA7wDzq,payment,0,52746,52746,INR,0,0,False,True,1786438620,1786611420,setl_5QeTXyM8b62E2z,,default,Payment via UPI,,,538327548029,order_N8ksQdhRHtEacU,RCPT-D2C-100470,upi,,,,
pay_6EBnuHDKsSqRT6,payment,0,80482,80482,INR,0,0,False,True,1786440660,1786613460,setl_5QeTXyM8b62E2z,,default,Payment via UPI,,,538327548029,order_v5F3N9cmyRj7Az,RCPT-D2C-100215,upi,,,,
pay_IcL8PtGsZjTzYd,payment,0,25564,25564,INR,0,0,False,True,1786442880,1786615680,setl_5QeTXyM8b62E2z,,default,Payment via UPI,,,538327548029,order_8hLOq5HahZJv3x,RCPT-D2C-100444,upi,,,,
pay_D6yjhJfLsYKspA,payment,0,323607,323607,INR,0,0,False,True,1786445700,1786618500,setl_5QeTXyM8b62E2z,,default,Payment via UPI,,,538327548029,order_gz7ysg8A2zXatq,RCPT-D2C-100189,upi,,,,
pay_cWXdwua5Z6gxXL,payment,0,107405,107405,INR,0,0,False,True,1786448340,1786621140,setl_5QeTXyM8b62E2z,,default,Payment via UPI,,,538327548029,order_5XIADMUV6LqefI,RCPT-D2C-100331,upi,,,,
pay_R3gFtOobe1ET29,payment,0,88346,88346,INR,0,0,False,True,1786449900,1786622700,setl_5QeTXyM8b62E2z,,default,Payment via UPI,,,538327548029,order_dF55AD6mrcuh6X,RCPT-D2C-100402,upi,,,,
pay_SYojCz7rnK98h7,payment,0,39709,39709,INR,0,0,False,True,1786452240,1786625040,setl_5QeTXyM8b62E2z,,default,Payment via UPI,,,538327548029,order_n1cVn1JpuBAYos,RCPT-D2C-100422,upi,,,,
pay_Zhaf75pwyBGlkd,payment,0,118691,118691,INR,0,0,False,True,1786455240,1786628040,setl_5QeTXyM8b62E2z,,default,Payment via UPI,,,538327548029,order_7ds1baeL4EcZfI,RCPT-D2C-100121,upi,,,,
pay_ay84QUDJvwRsHX,payment,0,122427,122427,INR,0,0,False,True,1786456560,1786629360,setl_5QeTXyM8b62E2z,,default,Payment via UPI,,,538327548029,order_WVpJ71ddpzCVTU,RCPT-D2C-100266,upi,,,,
pay_w81MJKPLQTaajY,payment,0,68025,68025,INR,0,0,False,True,1786458360,1786631160,setl_5QeTXyM8b62E2z,,default,Payment via UPI,,,538327548029,order_0d8C0VUgHDcer5,RCPT-D2C-100449,upi,,,,
rfnd_rkX1yVSIcwriQd,refund,68025,0,68025,INR,0,0,False,True,1786458360,1786631160,setl_5QeTXyM8b62E2z,,default,Refund via UPI,,rfnd_rkX1yVSIcwriQd,538327548029,order_0d8C0VUgHDcer5,RCPT-D2C-100449,upi,,,,
pay_Lqo4U4GsD16o1j,payment,0,51238,51238,INR,0,0,False,True,1786459500,1786632300,setl_5QeTXyM8b62E2z,,default,Payment via UPI,,,538327548029,order_yMwhVQ8WCXTDPt,RCPT-D2C-100436,upi,,,,
pay_QiWEcY4vxGeREN,payment,0,43051,43051,INR,0,0,False,True,1786498560,1786671360,setl_Bf5JyHGL9pkdo3,,default,Payment via UPI,,,5426409400z2b576,order_WO0SbwZuoGC0pI,RCPT-D2C-100381,upi,,,,
pay_jNIldqDFL77YtI,payment,0,89502,91555,INR,1740,313,False,True,1786508400,1786681200,setl_Bf5JyHGL9pkdo3,,default,Payment via CARD,,,5426409400z2b576,order_2bXD0mQOlNPoU7,RCPT-D2C-100342,card,Visa,RATN,credit,
rfnd_ahfVM4Vs2LzOyU,refund,91555,0,91555,INR,0,0,False,True,1786508400,1786681200,setl_Bf5JyHGL9pkdo3,,default,Refund via CARD,,rfnd_ahfVM4Vs2LzOyU,5426409400z2b576,order_2bXD0mQOlNPoU7,RCPT-D2C-100342,card,Visa,RATN,credit,
pay_szpwRdp3UZr8se,payment,0,43142,43142,INR,0,0,False,True,1786508880,1786681680,setl_Bf5JyHGL9pkdo3,,default,Payment via UPI,,,5426409400z2b576,order_9HCv1JzrSDm3iv,RCPT-D2C-100192,upi,,,,
pay_x9g1EKf6E5Pkqh,payment,0,140308,140308,INR,0,0,False,True,1786512900,1786685700,setl_Bf5JyHGL9pkdo3,,default,Payment via UPI,,,5426409400z2b576,order_KKNUHOuMVnBUEx,RCPT-D2C-100320,upi,,,,
pay_RTEXiaxfhjkZAj,payment,0,104891,104891,INR,0,0,False,True,1786513440,1786686240,setl_Bf5JyHGL9pkdo3,,default,Payment via UPI,,,5426409400z2b576,order_e0qhpgmWGLsNIF,RCPT-D2C-100406,upi,,,,
pay_Ly9Bl203EdiuUO,payment,0,127201,134210,INR,2550,459,False,True,1786518480,1786691280,setl_Bf5JyHGL9pkdo3,,default,Payment via CARD,,,5426409400z2b576,order_7gGAXNaiQ9VQiB,RCPT-D2C-100272,card,MasterCard,RATN,debit,
pay_K0wd8t5WwzImtp,payment,0,47591,47591,INR,0,0,False,True,1786520640,1786693440,setl_Bf5JyHGL9pkdo3,,default,Payment via UPI,,,5426409400z2b576,order_zZwjEMTXrRiPoz,RCPT-D2C-100245,upi,,,,
pay_TmFcBUuHZfcLlH,payment,0,68447,68447,INR,0,0,False,True,1786524900,1786697700,setl_Bf5JyHGL9pkdo3,,default,Payment via UPI,,,5426409400z2b576,order_XCPkAJ3D8tS3dr,RCPT-D2C-100257,upi,,,,
pay_WHq7Np8hhESfWB,payment,0,124127,124127,INR,0,0,False,True,1786687980,1786698780,setl_DWO3ZksHns3uik,,default,Payment via UPI,,,6006378942x2b428,order_wyf476FMfR3Tml,RCPT-D2C-100127,upi,,,,
pay_tbOWVxD4YTxtqN,payment,0,86926,88919,INR,1689,304,False,True,1786529580,1786702380,setl_Bf5JyHGL9pkdo3,,default,Payment via CARD,,,5426409400z2b576,order_MALrRxJVdEutUp,RCPT-D2C-100347,card,American Express,SBIN,debit,
pay_8E9qFht2uCmIBh,payment,0,82156,82156,INR,0,0,False,True,1786532820,1786705620,setl_Bf5JyHGL9pkdo3,,default,Payment via UPI,,,5426409400z2b576,order_7fc8mq0QR6Ba7k,RCPT-D2C-100253,upi,,,,
pay_x1eWy2ORtYrQbr,payment,0,15885,16250,INR,309,56,False,True,1786533000,1786705800,setl_Bf5JyHGL9pkdo3,,default,Payment via CARD,,,5426409400z2b576,order_LeAzuzRWPpTUef,RCPT-D2C-100054,card,MasterCard,ICIC,debit,
pay_T6bNUiiHR5qfao,payment,0,149543,149543,INR,0,0,False,True,1786533720,1786706520,setl_Bf5JyHGL9pkdo3,,default,Payment via UPI,,,5426409400z2b576,order_tVSOdljWtnpbaF,RCPT-D2C-100309,upi,,,,
pay_rQoXsBRjDVXaCb,payment,0,100029,100029,INR,0,0,False,True,1786536660,1786709460,setl_Bf5JyHGL9pkdo3,,default,Payment via UPI,,,5426409400z2b576,order_9mh4q39TzyOVVe,RCPT-D2C-100206,upi,,,,
pay_blfuGI2DUqVER7,payment,0,44576,44576,INR,0,0,False,True,1786540320,1786713120,setl_Bf5JyHGL9pkdo3,,default,Payment via UPI,,,5426409400z2b576,order_JsGKZatD7F3W44,RCPT-D2C-100361,upi,,,,
pay_QL6hVrNYR0II46,payment,0,37544,37544,INR,0,0,False,True,1786545180,1786717980,setl_Bf5JyHGL9pkdo3,,default,Payment via UPI,,,5426409400z2b576,order_Xs0dghmNILpVrx,RCPT-D2C-100261,upi,,,,
pay_9ewydaG3nUNi3l,payment,0,181748,185469,INR,3153,568,False,True,1786545240,1786718040,setl_Bf5JyHGL9pkdo3,,default,Payment via WALLET,,,5426409400z2b576,order_Fc307tG0qQcgDi,RCPT-D2C-100364,wallet,,,,
pay_FA0fXo55Zs01Pq,payment,0,118381,118381,INR,0,0,False,True,1786545360,1786718160,setl_Bf5JyHGL9pkdo3,,default,Payment via UPI,,,5426409400z2b576,order_9On0dwQfz7zDz6,RCPT-D2C-100464,upi,,,,
rfnd_F9lOcbmH474gy2,refund,118381,0,118381,INR,0,0,False,True,1786545360,1786718160,setl_Bf5JyHGL9pkdo3,,default,Refund via UPI,,rfnd_F9lOcbmH474gy2,5426409400z2b576,order_9On0dwQfz7zDz6,RCPT-D2C-100464,upi,,,,
pay_yFiKGC02UboVXE,payment,0,102645,102645,INR,0,0,False,True,1786548120,1786720920,setl_Bf5JyHGL9pkdo3,,default,Payment via UPI,,,5426409400z2b576,order_iH9dKNhDpqiP86,RCPT-D2C-100154,upi,,,,
pay_7QMxmWOouTHH9x,payment,0,80038,80038,INR,0,0,False,True,1786714920,1786725720,setl_DWO3ZksHns3uik,,default,Payment via UPI,,,6006378942x2b428,order_KxFtAn1LPgA1Vy,RCPT-D2C-100445,upi,,,,
pay_FpExY9hWGtsC0h,payment,0,122521,122521,INR,0,0,False,True,1786718400,1786729200,setl_DWO3ZksHns3uik,,default,Payment via UPI,,,6006378942x2b428,order_IigGelvc1UF1Us,RCPT-D2C-100294,upi,,,,
rfnd_moj9DV3WHoyzw0,refund,122521,0,122521,INR,0,0,False,True,1786718400,1786729200,setl_DWO3ZksHns3uik,,default,Refund via UPI,,rfnd_moj9DV3WHoyzw0,6006378942x2b428,order_IigGelvc1UF1Us,RCPT-D2C-100294,upi,,,,
pay_koUWTGCvLsWa5B,payment,0,63751,65213,INR,1239,223,False,True,1786670580,1786929780,setl_8bvgmHsBDZQPlD,,default,Payment via CARD,,,4222180334x1b528,order_ztdxGVG2JXx4ef,RCPT-D2C-100146,card,MasterCard,YESB,debit,
pay_n2M1eLkNCZ8hKY,payment,0,170895,174814,INR,3321,598,False,True,1786588020,1786933620,setl_8bvgmHsBDZQPlD,,default,Payment via CARD,,,4222180334x1b528,order_WHJPu05MC4j1wr,RCPT-D2C-100036,card,American Express,YESB,credit,
pay_BLsCiF4IeaPo2q,payment,0,166648,166648,INR,0,0,False,True,1786676100,1786935300,setl_8bvgmHsBDZQPlD,,default,Payment via UPI,,,4222180334x1b528,order_GvsjSJDeKI2xKb,RCPT-D2C-100487,upi,,,,
rfnd_0izmv73Of0kRzd,refund,83324,0,83324,INR,0,0,False,True,1786676100,1786935300,setl_8bvgmHsBDZQPlD,,default,Refund via UPI,,rfnd_0izmv73Of0kRzd,4222180334x1b528,order_GvsjSJDeKI2xKb,RCPT-D2C-100487,upi,,,,
pay_ZKMFtkyxqoVmb7,payment,0,113275,113275,INR,0,0,False,True,1786591620,1786937220,setl_8bvgmHsBDZQPlD,,default,Payment via UPI,,,4222180334x1b528,order_MzSkrUD7gXgGCV,RCPT-D2C-100231,upi,,,,
pay_I3RJoqoJhx2swN,payment,0,213621,213621,INR,0,0,False,True,1786679160,1786938360,setl_8bvgmHsBDZQPlD,,default,Payment via UPI,,,4222180334x1b528,order_fi8KNPLJZEeWs4,RCPT-D2C-100286,upi,,,,
pay_CTzmza3IQg7bXh,payment,0,135034,135034,INR,0,0,False,True,1786679520,1786938720,setl_8bvgmHsBDZQPlD,,default,Payment via UPI,,,4222180334x1b528,order_cq8iWrAHFAuQaG,RCPT-D2C-100324,upi,,,,
pay_jg3HFrX54bAAQo,payment,0,123433,123433,INR,0,0,False,True,1786680720,1786939920,setl_8bvgmHsBDZQPlD,,default,Payment via UPI,,,4222180334x1b528,order_foK1Me0I3Tbtou,RCPT-D2C-100222,upi,,,,
rfnd_BYcuUhmOVEIDqF,refund,123433,0,123433,INR,0,0,False,True,1786680720,1786939920,setl_8bvgmHsBDZQPlD,,default,Refund via UPI,,rfnd_BYcuUhmOVEIDqF,4222180334x1b528,order_foK1Me0I3Tbtou,RCPT-D2C-100222,upi,,,,
pay_YWtEZhRnqr0UEo,payment,0,73198,73198,INR,0,0,False,True,1786594920,1786940520,setl_8bvgmHsBDZQPlD,,default,Payment via UPI,,,4222180334x1b528,order_ziqO7nwQQ61e2u,RCPT-D2C-100117,upi,,,,
pay_JjHufpgs4R6xcL,payment,0,98735,98735,INR,0,0,False,True,1786595640,1786941240,setl_8bvgmHsBDZQPlD,,default,Payment via UPI,,,4222180334x1b528,order_5GQTZassLcu4G3,RCPT-D2C-100156,upi,,,,
pay_vVvQe1sKhBN88h,payment,0,44776,45803,INR,870,157,False,True,1786844220,1786941420,setl_MB0Hmyzf8er0qL,,default,Payment via CARD,,,453360469103,order_XJsi6BwhTp3Fs2,RCPT-D2C-100004,card,Visa,YESB,credit,
pay_FBBJgOoF0FjMmh,payment,0,34422,36520,USD,1973,125,False,True,1786597320,1786942920,setl_8bvgmHsBDZQPlD,,default,Payment (International) via CARD,,,4222180334x1b528,order_EIS0acQlPU19Dk,RCPT-D2C-100225,card,American Express,PUNB,debit,
pay_pTSAg59RINXHoX,payment,0,115807,115807,INR,0,0,False,True,1786685220,1786944420,setl_8bvgmHsBDZQPlD,,default,Payment via UPI,,,4222180334x1b528,order_VHgLbQFl7cfTXh,RCPT-D2C-100249,upi,,,,
pay_GghfHXS3iNO4YW,payment,0,118007,120714,INR,2294,413,False,True,1786771680,1786944480,setl_8bvgmHsBDZQPlD,,default,Payment via CARD,,,4222180334x1b528,order_2VmnjkRSwFn9tX,RCPT-D2C-100211,card,MasterCard,YESB,debit,
pay_55ZS2dXOm87Ife,payment,0,140389,140389,INR,0,0,False,True,1786685280,1786944480,setl_8bvgmHsBDZQPlD,,default,Payment via UPI,,,4222180334x1b528,order_kAidod2ANJKfwe,RCPT-D2C-100463,upi,,,,
pay_fsY9wVJFN6hrrz,payment,0,38707,38707,INR,0,0,False,True,1786600200,1786945800,setl_8bvgmHsBDZQPlD,,default,Payment via UPI,,,4222180334x1b528,order_UQNVIVXYZzdP8V,RCPT-D2C-100467,upi,,,,
rfnd_6xU5SCdmNlyd4x,refund,38707,0,38707,INR,0,0,False,True,1786600200,1786945800,setl_8bvgmHsBDZQPlD,,default,Refund via UPI,,rfnd_6xU5SCdmNlyd4x,4222180334x1b528,order_UQNVIVXYZzdP8V,RCPT-D2C-100467,upi,,,,
pay_ENfMTx0MOdOQw4,payment,0,147966,147966,INR,0,0,False,True,1786687980,1786947180,setl_8bvgmHsBDZQPlD,,default,Payment via UPI,,,4222180334x1b528,order_SG8nfnL5Ofa6qD,RCPT-D2C-100026,upi,,,,
pay_TzuJ1eO2GZQbuz,payment,0,169409,169409,INR,0,0,False,True,1786602000,1786947600,setl_8bvgmHsBDZQPlD,,default,Payment via UPI,,,4222180334x1b528,order_1XwXt10J699ui9,RCPT-D2C-100354,upi,,,,
pay_jmPQf6DH8JVh0A,payment,0,70827,70827,INR,0,0,False,True,1786602420,1786948020,setl_8bvgmHsBDZQPlD,,default,Payment via UPI,,,4222180334x1b528,order_rf1nzld7ZSybp1,RCPT-D2C-100315,upi,,,,
pay_aosrWlQGOTvZ89,payment,0,218242,218242,INR,0,0,False,True,1786602780,1786948380,setl_8bvgmHsBDZQPlD,,default,Payment via UPI,,,4222180334x1b528,order_hOz9ZdNKI7xEzz,RCPT-D2C-100053,upi,,,,
pay_nDVTiP70kZ64kz,payment,0,75014,75014,INR,0,0,False,True,1786775760,1786948560,setl_8bvgmHsBDZQPlD,,default,Payment via UPI,,,4222180334x1b528,order_qBbd4joul9Jnue,RCPT-D2C-100235,upi,,,,
rfnd_t4sDwyPB6pKzQP,refund,75014,0,75014,INR,0,0,False,True,1786775760,1786948560,setl_8bvgmHsBDZQPlD,,default,Refund via UPI,,rfnd_t4sDwyPB6pKzQP,4222180334x1b528,order_qBbd4joul9Jnue,RCPT-D2C-100235,upi,,,,
pay_63LPxCYnmwkpvU,payment,0,67579,67579,INR,0,0,False,True,1786777260,1786950060,setl_8bvgmHsBDZQPlD,,default,Payment via UPI,,,4222180334x1b528,order_TmrMX1y2flpvGR,RCPT-D2C-100357,upi,,,,
pay_AArqH92FN3HIeB,payment,0,115197,115197,INR,0,0,False,True,1786854420,1786951620,setl_MB0Hmyzf8er0qL,,default,Payment via UPI,,,453360469103,order_RukPcuvL7DXxvt,RCPT-D2C-100061,upi,,,,
pay_7g5iFqhEvveQzE,payment,0,87007,87007,INR,0,0,False,True,1786854600,1786951800,setl_MB0Hmyzf8er0qL,,default,Payment via UPI,,,453360469103,order_2QPuwNOvpdf2YE,RCPT-D2C-100017,upi,,,,
pay_yUJEQUWhwhgM2U,payment,0,143628,143628,INR,0,0,False,True,1786779180,1786951980,setl_8bvgmHsBDZQPlD,,default,Payment via UPI,,,4222180334x1b528,order_ukyClIsrfIZ5wD,RCPT-D2C-100372,upi,,,,
pay_LVaqtBkXxKP01A,payment,0,101774,103858,INR,1766,318,False,True,1786769040,1786952640,setl_MB0Hmyzf8er0qL,,default,Payment via WALLET,,,453360469103,order_JmzQmdejjtYIQP,RCPT-D2C-100163,wallet,,,,
pay_FjxCAyIOk6CptT,payment,0,221773,226859,INR,4310,776,False,True,1786779900,1786952700,setl_8bvgmHsBDZQPlD,,default,Payment via CARD,,,4222180334x1b528,order_9IoQhobswHGETh,RCPT-D2C-100024,card,American Express,UTIB,debit,
pay_HPvrr5tININfqV,payment,0,25281,26225,INR,800,144,False,True,1786780740,1786953540,setl_8bvgmHsBDZQPlD,,default,Payment via UPI,,,4222180334x1b528,order_M8VuceyCo1L0DL,RCPT-D2C-100232,upi,,,,
pay_Y1XPSBecfHHdjt,payment,0,49675,49675,INR,0,0,False,True,1786857900,1786955100,setl_MB0Hmyzf8er0qL,,default,Payment via UPI,,,453360469103,order_fFZHfe7L6ObcDH,RCPT-D2C-100159,upi,,,,
pay_ZWD1IAEov4QbKD,payment,0,47102,48182,INR,915,165,False,True,1786610940,1786956540,setl_8bvgmHsBDZQPlD,,default,Payment via CARD,,,4222180334x1b528,order_Fq1Y3gqSmPsSCd,RCPT-D2C-100014,card,MasterCard,KKBK,debit,
pay_zcSE7l05eIJEeb,payment,0,122296,122296,INR,0,0,False,True,1786612380,1786957980,setl_8bvgmHsBDZQPlD,,default,Payment via UPI,,,4222180334x1b528,order_IqrBsLluCytyzE,RCPT-D2C-100202,upi,,,,
pay_16B6ovnscJlCK1,payment,0,78100,78100,INR,0,0,False,True,1786612980,1786958580,setl_8bvgmHsBDZQPlD,,default,Payment via UPI,,,4222180334x1b528,order_1rtodUkRx63idB,RCPT-D2C-100279,upi,,,,
pay_BgjeW7PwKFZBXs,payment,0,146179,148679,INR,0,0,False,True,1786861800,1786959000,setl_MB0Hmyzf8er0qL,,default,Payment via UPI,,,453360469103,order_YmGpngCCYch1Bm,RCPT-D2C-100299,upi,,,,
pay_0rYZtjj8OSRqA3,payment,0,83646,83646,INR,0,0,False,True,1786613640,1786959240,setl_8bvgmHsBDZQPlD,,default,Payment via UPI,,,4222180334x1b528,order_c6kJwQSGJMAY8t,RCPT-D2C-100456,upi,,,,
pay_CWiyWpZlZ84WSl,payment,0,55987,57403,INR,1200,216,False,True,1786614060,1786959660,setl_8bvgmHsBDZQPlD,,default,Payment via NETBANKING,,,4222180334x1b528,order_slkXS66fQeTBMc,RCPT-D2C-100401,netbanking,,,,
pay_A0nKaky12Ie2NT,payment,0,260729,260729,INR,0,0,False,True,1786701960,1786961160,setl_8bvgmHsBDZQPlD,,default,Payment via UPI,,,4222180334x1b528,order_MQGCyGTRUh38rL,RCPT-D2C-100360,upi,,,,
pay_1pJjxUDFJf7hw0,payment,0,57288,58601,INR,1113,200,False,True,1786702020,1786961220,setl_8bvgmHsBDZQPlD,,default,Payment via CARD,,,4222180334x1b528,order_pNYLgTMzDONoIC,RCPT-D2C-100312,card,MasterCard,RATN,debit,
pay_gdr0ibVJB2tLK4,payment,0,38570,38570,INR,0,0,False,True,1786789860,1786962660,setl_8bvgmHsBDZQPlD,,default,Payment via UPI,,,4222180334x1b528,order_mChSuoHgCvV3L3,RCPT-D2C-100386,upi,,,,
pay_Ui2ZgLJzv9sqG5,payment,0,57895,57895,INR,0,0,False,True,1786704060,1786963260,setl_8bvgmHsBDZQPlD,,default,Payment via UPI,,,4222180334x1b528,order_YMH3sWAT3aEy1b,RCPT-D2C-100486,upi,,,,
pay_GfGZqGfubzgmBH,payment,0,177902,177902,INR,0,0,False,True,1786617960,1786963560,setl_8bvgmHsBDZQPlD,,default,Payment via UPI,,,4222180334x1b528,order_ume3x2wTCm4aqm,RCPT-D2C-100234,upi,,,,
pay_lOIVdp4sPgMRTw,payment,0,38075,39551,INR,1251,225,False,True,1786791900,1786964700,setl_8bvgmHsBDZQPlD,,default,Payment via CARD,,,4222180334x1b528,order_t01nJuJPuUmhWK,RCPT-D2C-100049,card,RuPay,UTIB,debit,
pay_A4pr0nFYTTumK9,payment,0,223226,227796,INR,3873,697,False,True,1786867920,1786965120,setl_MB0Hmyzf8er0qL,,default,Payment via WALLET,,,453360469103,order_31fmDUX8kucerK,RCPT-D2C-100062,wallet,,,,
pay_s4emJH6fmYEsPz,payment,0,110474,113007,INR,2147,386,False,True,1786619580,1786965180,setl_8bvgmHsBDZQPlD,,default,Payment via CARD,,,4222180334x1b528,order_4OAZkyv0OovvpC,RCPT-D2C-100149,card,American Express,UTIB,credit,
pay_5mkCwiS7hE75yk,payment,0,83794,88898,INR,4800,304,False,True,1786619580,1786965180,setl_8bvgmHsBDZQPlD,,default,Payment (International) via CARD,,,4222180334x1b528,order_NXuZuCwcanHM2i,RCPT-D2C-100356,card,American Express,UTIB,debit,
pay_Uw3qYmKPIr4li9,payment,0,57412,59182,INR,1500,270,False,True,1786955340,1786966140,setl_MB0Hmyzf8er0qL,,default,Payment via NETBANKING,,,453360469103,order_xgdWN5HnFVHpaJ,RCPT-D2C-100417,netbanking,,,,
pay_GSQuyYiZWe9Cl6,payment,0,104402,104402,INR,0,0,False,True,1786955520,1786966320,setl_MB0Hmyzf8er0qL,,default,Payment via UPI,,,453360469103,order_PEkc2DXrbdkYmo,RCPT-D2C-100296,upi,,,,
pay_jl8aXhPkcZQHOL,payment,0,124157,124157,INR,0,0,False,True,1786793700,1786966500,setl_8bvgmHsBDZQPlD,,default,Payment via UPI,,,4222180334x1b528,order_94MjvHO31QpGMh,RCPT-D2C-100099,upi,,,,
pay_Tvzh0F9SrhgZZy,payment,0,46746,46746,INR,0,0,False,True,1786795380,1786968180,setl_8bvgmHsBDZQPlD,,default,Payment via UPI,,,4222180334x1b528,order_txpO8AvRYoR5C6,RCPT-D2C-100416,upi,,,,
pay_jCY4tl4WCS8Lx7,payment,0,71851,71851,INR,0,0,False,True,1786622700,1786968300,setl_8bvgmHsBDZQPlD,,default,Payment via UPI,,,4222180334x1b528,order_q1wY7mDjqMiCIv,RCPT-D2C-100313,upi,,,,
pay_hqyTNKZoX7xPP4,payment,0,76130,76130,INR,0,0,False,True,1786624380,1786969980,setl_8bvgmHsBDZQPlD,,default,Payment via UPI,,,4222180334x1b528,order_iNN9Lsth7N9PiJ,RCPT-D2C-100451,upi,,,,
rfnd_qJPeRbaNKWDUFe,refund,76130,0,76130,INR,0,0,False,True,1786624380,1786969980,setl_8bvgmHsBDZQPlD,,default,Refund via UPI,,rfnd_qJPeRbaNKWDUFe,4222180334x1b528,order_iNN9Lsth7N9PiJ,RCPT-D2C-100451,upi,,,,
pay_LNVnguPcaT13fZ,payment,0,67331,67331,INR,0,0,False,True,1786797720,1786970520,setl_8bvgmHsBDZQPlD,,default,Payment via UPI,,,4222180334x1b528,order_AaZO4ebteX2qvf,RCPT-D2C-100317,upi,,,,
pay_T0sxJmPU3UdXyy,payment,0,83044,83044,INR,0,0,False,True,1786716060,1786975260,setl_8bvgmHsBDZQPlD,,default,Payment via UPI,,,4222180334x1b528,order_mFgMZwKPaEpCej,RCPT-D2C-100030,upi,,,,
pay_zWqVRnA2ME5FKy,payment,0,93748,93748,INR,0,0,False,True,1786630800,1786976400,setl_8bvgmHsBDZQPlD,,default,Payment via UPI,,,4222180334x1b528,order_qqlTqQLCJeG1DY,RCPT-D2C-100157,upi,,,,
pay_k5wCvHtqXMwwdr,payment,0,16021,16388,INR,311,56,False,True,1786630980,1786976580,setl_8bvgmHsBDZQPlD,,default,Payment via CARD,,,4222180334x1b528,order_HKI69qqu2zSer0,RCPT-D2C-100370,card,Visa,ICIC,debit,
pay_mIzJlkmIM7FQtx,payment,0,142780,142780,INR,0,0,False,True,1786631160,1786976760,setl_8bvgmHsBDZQPlD,,default,Payment via UPI,,,4222180334x1b528,order_uxqmQ7fxToZ69F,RCPT-D2C-100336,upi,,,,
pay_sUFRDzsLb5ER8B,payment,0,47372,48459,INR,921,166,False,True,1786717680,1786976880,setl_8bvgmHsBDZQPlD,,default,Payment via CARD,,,4222180334x1b528,order_oFzQFm2OEQ3HdA,RCPT-D2C-100012,card,American Express,KKBK,credit,
pay_T0zbFDteMXi6cM,payment,0,92865,92865,INR,0,0,False,True,1786718220,1786977420,setl_8bvgmHsBDZQPlD,,default,Payment via UPI,,,4222180334x1b528,order_UXv5eBoaPzoxZC,RCPT-D2C-100028,upi,,,,
pay_Hi3MIUuhM8MejW,payment,0,285038,285038,INR,0,0,False,True,1786794840,1786978440,setl_MB0Hmyzf8er0qL,,default,Payment via UPI,,,453360469103,order_6ChsWHHPe9nWkv,RCPT-D2C-100469,upi,,,,
pay_jUzmHC76rPQWMs,payment,0,193364,197322,INR,3354,604,False,True,1786968180,1786978980,setl_MB0Hmyzf8er0qL,,default,Payment via WALLET,,,453360469103,order_cB1lcHyBfHEzQL,RCPT-D2C-100102,wallet,,,,
pay_pBkbMMTKGl088e,payment,0,126334,126334,INR,0,0,False,True,1786974180,1786984980,setl_MB0Hmyzf8er0qL,,default,Payment via UPI,,,453360469103,order_VjMs4296VMLg62,RCPT-D2C-100461,upi,,,,
pay_XUUJBg1TvmfqAp,payment,0,91791,91791,INR,0,0,False,True,1786843320,1787016120,setl_mnR45whxpmvnWM,,default,Payment via UPI,,,965348286116,order_OF5edqN10e5IH8,RCPT-D2C-100284,upi,,,,
pay_mFO5bBYsnygY84,payment,0,78390,78390,INR,0,0,False,True,1786845840,1787018640,setl_mnR45whxpmvnWM,,default,Payment via UPI,,,965348286116,order_yxXfuRdKmEaihP,RCPT-D2C-100473,upi,,,,
pay_v9RRjwA7uo1Hth,payment,0,141035,141035,INR,0,0,False,True,1786851600,1787024400,setl_mnR45whxpmvnWM,,default,Payment via UPI,,,965348286116,order_9feqwSg6jncEK0,RCPT-D2C-100322,upi,,,,
pay_sIAnInx2sA9AEL,payment,0,66592,66592,INR,0,0,False,True,1786853280,1787026080,setl_mnR45whxpmvnWM,,default,Payment via UPI,,,965348286116,order_QkQN36HGyV5Pjm,RCPT-D2C-100295,upi,,,,
pay_cg1aoKx5UCJRwi,payment,0,156853,156853,INR,0,0,False,True,1786855020,1787027820,setl_mnR45whxpmvnWM,,default,Payment via UPI,,,965348286116,order_eqj2qawERZXt6Z,RCPT-D2C-100139,upi,,,,
pay_voLQBuISybmuG1,payment,0,180588,184285,INR,3133,564,False,True,1787020920,1787031720,setl_rhsLpX0ahvgKtM,,default,Payment via WALLET,,,623928359786,order_3ItL6Nkxmrlt2z,RCPT-D2C-100440,wallet,,,,
pay_0ArfHdo9m7vZjf,payment,0,47418,48389,INR,823,148,False,True,1786860060,1787032860,setl_mnR45whxpmvnWM,,default,Payment via WALLET,,,965348286116,order_EGswWhmKn47CbM,RCPT-D2C-100343,wallet,,,,
pay_O2TzvN4rdO2gIF,payment,0,76095,76095,INR,0,0,False,True,1786862580,1787035380,setl_mnR45whxpmvnWM,,default,Payment via UPI,,,965348286116,order_hNvGx5YcK69tmf,RCPT-D2C-100335,upi,,,,
pay_JsOKIcoZFC2ceM,payment,0,138436,141611,INR,2691,484,False,True,1786863660,1787036460,setl_mnR45whxpmvnWM,,default,Payment via CARD,,,965348286116,order_NuXAC1n21ygbJS,RCPT-D2C-100097,card,Visa,HDFC,debit,
rfnd_5uKYSAczkrWkMe,refund,141611,0,141611,INR,0,0,False,True,1786863660,1787036460,setl_mnR45whxpmvnWM,,default,Refund via CARD,,rfnd_5uKYSAczkrWkMe,965348286116,order_NuXAC1n21ygbJS,RCPT-D2C-100097,card,Visa,HDFC,debit,
pay_SRDnptz0mV3muA,payment,0,71093,72724,INR,1382,249,False,True,1786864740,1787037540,setl_mnR45whxpmvnWM,,default,Payment via CARD,,,965348286116,order_1Jm1Tlb4PYYrYm,RCPT-D2C-100063,card,RuPay,IDFB,debit,
pay_Yy4sGxhNm71RUi,payment,0,137921,137921,INR,0,0,False,True,1787027100,1787037900,setl_rhsLpX0ahvgKtM,,default,Payment via UPI,,,623928359786,order_mY8J8kaVzpUuXr,RCPT-D2C-100405,upi,,,,
pay_Vb3Z5NFW6yuMpe,payment,0,41480,42431,INR,806,145,False,True,1786865340,1787038140,setl_mnR45whxpmvnWM,,default,Payment via CARD,,,965348286116,order_OSHlmxPHnfpMPp,RCPT-D2C-100362,card,RuPay,UTIB,debit,
pay_cWegRhVYnIdBoj,payment,0,254128,254128,INR,0,0,False,True,1786865640,1787038440,setl_mnR45whxpmvnWM,,default,Payment via UPI,,,965348286116,order_FXSJWxUUvafmy0,RCPT-D2C-100289,upi,,,,
pay_XHWl0ttyd6J9Db,payment,0,137546,137546,INR,0,0,False,True,1786866840,1787039640,setl_mnR45whxpmvnWM,,default,Payment via UPI,,,965348286116,order_uNEuzcqley577w,RCPT-D2C-100258,upi,,,,
pay_jMPFLVjFUPXQzk,payment,0,54335,54335,INR,0,0,False,True,1786869840,1787042640,setl_mnR45whxpmvnWM,,default,Payment via UPI,,,965348286116,order_M4Bv3aYavhNYRV,RCPT-D2C-100022,upi,,,,
pay_5NNSa1oOTu7Rga,payment,0,55792,56934,INR,968,174,False,True,1786884840,1787057640,setl_mnR45whxpmvnWM,,default,Payment via WALLET,,,965348286116,order_WePU0s8X7SKcBq,RCPT-D2C-100389,wallet,,,,
pay_arEzcI3gjgt1w8,payment,0,40525,40525,INR,0,0,False,True,1787048040,1787058840,setl_rhsLpX0ahvgKtM,,default,Payment via UPI,,,623928359786,order_Ho9ugGd1rZiK99,RCPT-D2C-100100,upi,,,,
pay_TvhKrT6DlTYx9X,payment,0,139375,142572,INR,2709,488,False,True,1786887180,1787059980,setl_mnR45whxpmvnWM,,default,Payment via CARD,,,965348286116,order_9sLRT58eMnU7cZ,RCPT-D2C-100138,card,MasterCard,KKBK,debit,
pay_NSsLTOGmYrcQZY,payment,0,155708,159279,INR,3026,545,False,True,1786887900,1787060700,setl_mnR45whxpmvnWM,,default,Payment via CARD,,,965348286116,order_mZqbuVd4ZOOrJd,RCPT-D2C-100418,card,American Express,RATN,credit,
pay_zEzeGElJMytczd,payment,0,56377,57670,INR,1096,197,False,True,1787056380,1787067180,setl_rhsLpX0ahvgKtM,,default,Payment via CARD,,,623928359786,order_y0OnF0qekbIAM7,RCPT-D2C-100170,card,RuPay,ICIC,debit,
pay_pj4wH3kXD7DNgB,payment,0,134191,134191,INR,0,0,False,True,1787066400,1787077200,setl_rhsLpX0ahvgKtM,,default,Payment via UPI,,,623928359786,order_5g25t5t9Ngd7Jj,RCPT-D2C-100181,upi,,,,
rfnd_msQmROaNgodDFx,refund,134191,0,134191,INR,0,0,False,True,1787066400,1787077200,setl_rhsLpX0ahvgKtM,,default,Refund via UPI,,rfnd_msQmROaNgodDFx,623928359786,order_5g25t5t9Ngd7Jj,RCPT-D2C-100181,upi,,,,
pay_QBZYLYyAvXHwUV,payment,0,49890,51306,INR,1200,216,False,True,1786930620,1787103420,setl_Bdcm1iwUWuhFZ2,,default,Payment via NETBANKING,,,5643639034h2g640,order_IrCntMNBlrknOS,RCPT-D2C-100208,netbanking,,,,
pay_Fl0cyaQ4kqO3J9,payment,0,90576,90576,INR,0,0,False,True,1786936020,1787108820,setl_Bdcm1iwUWuhFZ2,,default,Payment via UPI,,,5643639034h2g640,order_vR98taGDb60G9B,RCPT-D2C-100164,upi,,,,
pay_qOsFbhGvXSSw8J,payment,0,89184,89184,INR,0,0,False,True,1786937340,1787110140,setl_Bdcm1iwUWuhFZ2,,default,Payment via UPI,,,5643639034h2g640,order_a6gRmDo5SEryIm,RCPT-D2C-100367,upi,,,,
pay_taxtXicx7u7UnD,payment,0,99466,99466,INR,0,0,False,True,1786939080,1787111880,setl_Bdcm1iwUWuhFZ2,,default,Payment via UPI,,,5643639034h2g640,order_GxdFo7RIC286jI,RCPT-D2C-100173,upi,,,,
pay_r4gP9X993d8K1b,payment,0,36466,36466,INR,0,0,False,True,1786941060,1787113860,setl_Bdcm1iwUWuhFZ2,,default,Payment via UPI,,,5643639034h2g640,order_B2IMX3SnRnUbIb,RCPT-D2C-100311,upi,,,,
pay_8dQ802nzNIjpIz,payment,0,54727,55847,INR,949,171,False,True,1786943280,1787116080,setl_Bdcm1iwUWuhFZ2,,default,Payment via WALLET,,,5643639034h2g640,order_zjAFQ3tLXQsn7M,RCPT-D2C-100227,wallet,,,,
pay_HE9yyzQw12OPMl,payment,0,77306,78888,INR,1341,241,False,True,1786943820,1787116620,setl_Bdcm1iwUWuhFZ2,,default,Payment via WALLET,,,5643639034h2g640,order_djP4fk67r4tDZq,RCPT-D2C-100133,wallet,,,,
pay_nFcN7nVzoIla6c,payment,0,45499,46542,INR,884,159,False,True,1786945560,1787118360,setl_Bdcm1iwUWuhFZ2,,default,Payment via CARD,,,5643639034h2g640,order_XbiqriVqX9udfn,RCPT-D2C-100419,card,American Express,INDB,debit,
pay_w2MzP0ZvzOMhfW,payment,0,104067,104067,INR,0,0,False,True,1786947000,1787119800,setl_Bdcm1iwUWuhFZ2,,default,Payment via UPI,,,5643639034h2g640,order_uBByReQMsm9Wcz,RCPT-D2C-100005,upi,,,,
pay_lu9lQIOT0w1BJo,payment,0,141413,144308,INR,2453,442,False,True,1786947000,1787119800,setl_Bdcm1iwUWuhFZ2,,default,Payment via WALLET,,,5643639034h2g640,order_0iRtFVAegejvxE,RCPT-D2C-100321,wallet,,,,
pay_FnnCl7sguJRz2E,payment,0,62438,63871,INR,1214,219,False,True,1787109480,1787120280,setl_sGpFT2VdAbyRYT,,default,Payment via CARD,,,758019943651,order_L508hBBn4OcF10,RCPT-D2C-100214,card,Visa,RATN,credit,
pay_KuSC9woOLtnMP6,payment,0,88531,90562,INR,1721,310,False,True,1786955760,1787128560,setl_Bdcm1iwUWuhFZ2,,default,Payment via CARD,,,5643639034h2g640,order_EPq3HDIhrr9Euv,RCPT-D2C-100494,card,RuPay,HDFC,credit,
pay_xXJoOZwF7BnIHD,payment,0,177593,177593,INR,0,0,False,True,1786956420,1787129220,setl_Bdcm1iwUWuhFZ2,,default,Payment via UPI,,,5643639034h2g640,order_igNjxLQ8mXvJ5L,RCPT-D2C-100110,upi,,,,
pay_YRvGC9ln7prMNU,payment,0,89681,89681,INR,0,0,False,True,1787118540,1787129340,setl_sGpFT2VdAbyRYT,,default,Payment via UPI,,,758019943651,order_1LKAd0DMEJmqGP,RCPT-D2C-100482,upi,,,,
pay_0aIGZ0gkwRzZvA,payment,0,95005,95005,INR,0,0,False,True,1786956840,1787129640,setl_Bdcm1iwUWuhFZ2,,default,Payment via UPI,,,5643639034h2g640,order_YDtuMPnOBkM9LT,RCPT-D2C-100339,upi,,,,
pay_ugFDwg5Yp8yIB2,payment,0,227023,227023,INR,0,0,False,True,1786962720,1787135520,setl_Bdcm1iwUWuhFZ2,,default,Payment via UPI,,,5643639034h2g640,order_Enus0HMI4fS9z6,RCPT-D2C-100038,upi,,,,
pay_s3wjrqNt9y6UbG,payment,0,82013,82013,INR,0,0,False,True,1786964400,1787137200,setl_Bdcm1iwUWuhFZ2,,default,Payment via UPI,,,5643639034h2g640,order_7OhWfMiPLfcJSP,RCPT-D2C-100394,upi,,,,
pay_LAwWtkRLDiDUuQ,payment,0,288033,288033,INR,0,0,False,True,1786964520,1787137320,setl_Bdcm1iwUWuhFZ2,,default,Payment via UPI,,,5643639034h2g640,order_mvX8vMvpYMCl1E,RCPT-D2C-100359,upi,,,,
pay_Uaj0hKJ92Uz3x4,payment,0,300469,300469,INR,0,0,False,True,1786968300,1787141100,setl_Bdcm1iwUWuhFZ2,,default,Payment via UPI,,,5643639034h2g640,order_F0O3vZzng7AbuO,RCPT-D2C-100489,upi,,,,
pay_T57nRafmgd8DTz,payment,0,35612,36429,INR,692,125,False,True,1786968720,1787141520,setl_Bdcm1iwUWuhFZ2,,default,Payment via CARD,,,5643639034h2g640,order_53uek68T4Mvii3,RCPT-D2C-100369,card,Visa,PUNB,credit,
pay_wRLNInqtozMlTM,payment,0,110111,112636,INR,2140,385,False,True,1786970640,1787143440,setl_Bdcm1iwUWuhFZ2,,default,Payment via CARD,,,5643639034h2g640,order_AEsuha1u6DhzWV,RCPT-D2C-100072,card,American Express,ICIC,credit,
pay_sQig6HwEamVOOO,payment,0,62974,62974,INR,0,0,False,True,1786977960,1787150760,setl_Bdcm1iwUWuhFZ2,,default,Payment via UPI,,,5643639034h2g640,order_5fhJSfX2OXQvIb,RCPT-D2C-100479,upi,,,,
pay_Nk5UFcn02LuuhV,payment,0,239732,245230,INR,4659,839,False,True,1786979700,1787152500,setl_Bdcm1iwUWuhFZ2,,default,Payment via CARD,,,5643639034h2g640,order_98u8EU3mBHQa7n,RCPT-D2C-100259,card,RuPay,RATN,debit,
pay_OGzj9iMazoM4vU,payment,0,81543,81543,INR,0,0,False,True,1787014380,1787187180,setl_RUUGdMhUUAGi3v,,default,Payment via UPI,,,2258486643b4r596,order_zDUME4mqwWYdUk,RCPT-D2C-100378,upi,,,,
pay_MLfxjkR3p5igJk,payment,0,139055,139055,INR,0,0,False,True,1787016480,1787189280,setl_RUUGdMhUUAGi3v,,default,Payment via UPI,,,2258486643b4r596,order_MamHJKhwgGBGEK,RCPT-D2C-100084,upi,,,,
pay_2Ek0AGfF2wNkdD,payment,0,99482,101764,INR,1934,348,False,True,1787016540,1787189340,setl_RUUGdMhUUAGi3v,,default,Payment via CARD,,,2258486643b4r596,order_0rMtVe3Djsva1l,RCPT-D2C-100122,card,MasterCard,HDFC,credit,
pay_5u5YeO9LmzSwdZ,payment,0,86232,86232,INR,0,0,False,True,1787016900,1787189700,setl_RUUGdMhUUAGi3v,,default,Payment via UPI,,,2258486643b4r596,order_tMuyIvM69fG30g,RCPT-D2C-100175,upi,,,,
pay_agystQyEHx4GWf,payment,0,44386,44386,INR,0,0,False,True,1787017380,1787190180,setl_RUUGdMhUUAGi3v,,default,Payment via UPI,,,2258486643b4r596,order_0OeF54eXQ2J6fI,RCPT-D2C-100291,upi,,,,
pay_B2sZwLMzGZETi1,payment,0,62170,63443,INR,1079,194,False,True,1787027760,1787200560,setl_RUUGdMhUUAGi3v,,default,Payment via WALLET,,,2258486643b4r596,order_GU2YaNxu3bBL6b,RCPT-D2C-100368,wallet,,,,
rfnd_TrCppz8zJo70RI,refund,31721,0,31721,INR,0,0,False,True,1787027760,1787200560,setl_RUUGdMhUUAGi3v,,default,Refund via WALLET,,rfnd_TrCppz8zJo70RI,2258486643b4r596,order_GU2YaNxu3bBL6b,RCPT-D2C-100368,wallet,,,,
pay_P8CSHTWpKHDm99,payment,0,47161,47161,INR,0,0,False,True,1787190360,1787201160,setl_QPYU5DoGcUNWy3,,default,Payment via UPI,,,629310831199,order_6g5RFdli7JcHgI,RCPT-D2C-100077,upi,,,,
pay_QWHUzFGzrjLZtT,payment,0,43211,44627,INR,1200,216,False,True,1787028600,1787201400,setl_RUUGdMhUUAGi3v,,default,Payment via NETBANKING,,,2258486643b4r596,order_DgFG3TgNcvyymO,RCPT-D2C-100421,netbanking,,,,
pay_NWLAVYFeRgpMPg,payment,0,231726,231726,INR,0,0,False,True,1787031900,1787204700,setl_RUUGdMhUUAGi3v,,default,Payment via UPI,,,2258486643b4r596,order_xAFQ0FJZlCZBTT,RCPT-D2C-100015,upi,,,,
pay_Zc5t4UuHF7KVML,payment,0,91822,91822,INR,0,0,False,True,1787194560,1787205360,setl_QPYU5DoGcUNWy3,,default,Payment via UPI,,,629310831199,order_p7hvdCTquY1XVc,RCPT-D2C-100027,upi,,,,
pay_BOgSNotsdnM5LN,payment,0,113594,113594,INR,0,0,False,True,1787033760,1787206560,setl_RUUGdMhUUAGi3v,,default,Payment via UPI,,,2258486643b4r596,order_Tq5QIKDOdxV0tt,RCPT-D2C-100171,upi,,,,
pay_BZwpYaF34JA2ob,payment,0,59615,60983,INR,1159,209,False,True,1787036280,1787209080,setl_RUUGdMhUUAGi3v,,default,Payment via CARD,,,2258486643b4r596,order_5yhZtQI5uoku7h,RCPT-D2C-100448,card,RuPay,PUNB,credit,
pay_edd2SZCGd8nULo,payment,0,76294,78044,INR,1483,267,False,True,1787036880,1787209680,setl_RUUGdMhUUAGi3v,,default,Payment via CARD,,,2258486643b4r596,order_3g4B2u07f3LORX,RCPT-D2C-100271,card,MasterCard,INDB,credit,
pay_JUXcUtAdxdh9eM,payment,0,269226,275401,INR,5233,942,False,True,1787037360,1787210160,setl_RUUGdMhUUAGi3v,,default,Payment via CARD,,,2258486643b4r596,order_tBEjIktiCu3cgb,RCPT-D2C-100391,card,MasterCard,UTIB,debit,
pay_avVyVsGL6dy6QL,payment,0,61413,61413,INR,0,0,False,True,1787200620,1787211420,setl_QPYU5DoGcUNWy3,,default,Payment via UPI,,,629310831199,order_JWn6tBXsldHh61,RCPT-D2C-100373,upi,,,,
pay_ef2qymP4TWfp00,payment,0,99877,99877,INR,0,0,False,True,1787042040,1787214840,setl_RUUGdMhUUAGi3v,,default,Payment via UPI,,,2258486643b4r596,order_Oj8TSLpa7bLbIQ,RCPT-D2C-100409,upi,,,,
pay_9JGMyjupUXrFaG,payment,0,133481,136542,INR,2594,467,False,True,1787042220,1787215020,setl_RUUGdMhUUAGi3v,,default,Payment via CARD,,,2258486643b4r596,order_wiCT7oYzzdeRzV,RCPT-D2C-100252,card,RuPay,RATN,credit,
pay_DIoxKLqzKwib7d,payment,0,187186,187186,INR,0,0,False,True,1787043180,1787215980,setl_RUUGdMhUUAGi3v,,default,Payment via UPI,,,2258486643b4r596,order_DNmIUsdXBkCX2R,RCPT-D2C-100396,upi,,,,
pay_YhEqBM1k325TE4,payment,0,152855,152855,INR,0,0,False,True,1787049720,1787222520,setl_RUUGdMhUUAGi3v,,default,Payment via UPI,,,2258486643b4r596,order_xHKcWHMk3071YR,RCPT-D2C-100285,upi,,,,
pay_oNiVaxuPMOK3aW,payment,0,221987,221987,INR,0,0,False,True,1787050560,1787223360,setl_RUUGdMhUUAGi3v,,default,Payment via UPI,,,2258486643b4r596,order_nbTTKoNcFJMlUH,RCPT-D2C-100183,upi,,,,
pay_41hUeglMMNMFLz,payment,0,118425,121141,INR,2302,414,False,True,1787057520,1787230320,setl_RUUGdMhUUAGi3v,,default,Payment via CARD,,,2258486643b4r596,order_sSXkkWZxh2JPC7,RCPT-D2C-100065,card,RuPay,YESB,credit,
pay_q4HjHQaO0IefjD,payment,0,67788,69342,INR,1317,237,False,True,1787058600,1787231400,setl_RUUGdMhUUAGi3v,,default,Payment via CARD,,,2258486643b4r596,order_ed5JsfPfKim3vA,RCPT-D2C-100056,card,American Express,INDB,debit,
pay_dZqAjvNBL1gz1d,payment,0,66920,68455,INR,1301,234,False,True,1787221200,1787232000,setl_QPYU5DoGcUNWy3,,default,Payment via CARD,,,629310831199,order_NHtpvNqbHnFihW,RCPT-D2C-100151,card,RuPay,ICIC,credit,
pay_XUSmn8GDTGHhfI,payment,0,146309,146309,INR,0,0,False,True,1787060640,1787233440,setl_RUUGdMhUUAGi3v,,default,Payment via UPI,,,2258486643b4r596,order_hSUHr3cE05rvQQ,RCPT-D2C-100472,upi,,,,
pay_BRk1SVzKQfGUd5,payment,0,130024,130024,INR,0,0,False,True,1787063940,1787236740,setl_RUUGdMhUUAGi3v,,default,Payment via UPI,,,2258486643b4r596,order_eHJgDo5yq7Nje1,RCPT-D2C-100070,upi,,,,
pay_29uN0bEaHgWtIi,payment,0,43169,43169,INR,0,0,False,True,1787065080,1787237880,setl_RUUGdMhUUAGi3v,,default,Payment via UPI,,,2258486643b4r596,order_b6q1N9POPOVBZR,RCPT-D2C-100270,upi,,,,
pay_qEocybODPkx9hZ,payment,0,269702,275888,INR,5242,944,False,True,1787102700,1787275500,setl_XmeuBFPiPqM60n,,default,Payment via CARD,,,234513110637,order_BuTO89RISScm4q,RCPT-D2C-100423,card,American Express,PUNB,debit,
pay_qnax9NOAuk9siY,payment,0,72401,72401,INR,0,0,False,True,1787106900,1787279700,setl_XmeuBFPiPqM60n,,default,Payment via UPI,,,234513110637,order_XZdVPPEyV3CRZk,RCPT-D2C-100420,upi,,,,
pay_uUAiEa8k0UCROy,payment,0,35638,36367,INR,618,111,False,True,1787107980,1787280780,setl_XmeuBFPiPqM60n,,default,Payment via WALLET,,,234513110637,order_cSMtNzlndZ7ucN,RCPT-D2C-100124,wallet,,,,
pay_rqJmd1xZ1NHsSA,payment,0,143171,143171,INR,0,0,False,True,1787111460,1787284260,setl_XmeuBFPiPqM60n,,default,Payment via UPI,,,234513110637,order_XfNCD5RTMHsTc9,RCPT-D2C-100094,upi,,,,
pay_2lwXM090i5qE43,payment,0,62334,62334,INR,0,0,False,True,1787274840,1787285640,setl_OlsM6cgQl8yThc,,default,Payment via UPI,,,167481084389,order_w6t8YGPNNHCC82,RCPT-D2C-100045,upi,,,,
pay_qB86MtR80hbxuu,payment,0,63817,63817,INR,0,0,False,True,1787115720,1787288520,setl_XmeuBFPiPqM60n,,default,Payment via UPI,,,234513110637,order_YKz51bIIAHNuli,RCPT-D2C-100147,upi,,,,
pay_ZCFletXzyDmLFE,payment,0,119547,119547,INR,0,0,False,True,1787129400,1787302200,setl_XmeuBFPiPqM60n,,default,Payment via UPI,,,234513110637,order_ljj9BxZHPigW7Q,RCPT-D2C-100338,upi,,,,
pay_bXE9oRuFlHZYg9,payment,0,92201,92201,INR,0,0,False,True,1787130900,1787303700,setl_XmeuBFPiPqM60n,,default,Payment via UPI,,,234513110637,order_laOq34DzX9iVqQ,RCPT-D2C-100144,upi,,,,
pay_zlr4cSSR5LoHi2,payment,0,83808,83808,INR,0,0,False,True,1787133300,1787306100,setl_XmeuBFPiPqM60n,,default,Payment via UPI,,,234513110637,order_B6PItXB523iUST,RCPT-D2C-100327,upi,,,,
pay_JlGbAGkZl1d9j7,payment,0,35303,35303,INR,0,0,False,True,1787135280,1787308080,setl_XmeuBFPiPqM60n,,default,Payment via UPI,,,234513110637,order_M5NBlsZ3fk6gdX,RCPT-D2C-100497,upi,,,,
pay_LkbBSdlUTjRopg,payment,0,82354,82354,INR,0,0,False,True,1787139780,1787312580,setl_XmeuBFPiPqM60n,,default,Payment via UPI,,,234513110637,order_FGzhfVOXHUg1gS,RCPT-D2C-100226,upi,,,,
pay_UexAsQSqswIowc,payment,0,40673,41606,INR,791,142,False,True,1787303280,1787314080,setl_OlsM6cgQl8yThc,,default,Payment via CARD,,,167481084389,order_zunq2NSifmLu6M,RCPT-D2C-100247,card,MasterCard,PUNB,debit,
pay_zEOeul5AgPZvoq,payment,0,111412,113693,INR,1933,348,False,True,1787142840,1787315640,setl_XmeuBFPiPqM60n,,default,Payment via WALLET,,,234513110637,order_icRkLh6WOFCvax,RCPT-D2C-100414,wallet,,,,
pay_I0TSFVAf35PKUr,payment,0,230161,230161,INR,0,0,False,True,1787143200,1787316000,setl_XmeuBFPiPqM60n,,default,Payment via UPI,,,234513110637,order_nm9cNlD4yN24vX,RCPT-D2C-100112,upi,,,,
pay_rWYCQg6EpXKf2P,payment,0,136887,140027,INR,2661,479,False,True,1787148120,1787320920,setl_XmeuBFPiPqM60n,,default,Payment via CARD,,,234513110637,order_SczHpKmvpRS10i,RCPT-D2C-100303,card,Visa,UTIB,debit,
pay_SnBb8yTrnH4jxQ,payment,0,96861,96861,INR,0,0,False,True,1787150220,1787323020,setl_XmeuBFPiPqM60n,,default,Payment via UPI,,,234513110637,order_IvYX5OXCqcHwQq,RCPT-D2C-100407,upi,,,,
pay_hp2mFgdHPNcTa6,payment,0,112470,112470,INR,0,0,False,True,1787151000,1787323800,setl_XmeuBFPiPqM60n,,default,Payment via UPI,,,234513110637,order_XA5OHVZPp2bPVl,RCPT-D2C-100209,upi,,,,
pay_kk9mwFGxXP7lah,payment,0,168904,168904,INR,0,0,False,True,1787151780,1787324580,setl_XmeuBFPiPqM60n,,default,Payment via UPI,,,234513110637,order_9VX8uZkbji1sKx,RCPT-D2C-100287,upi,,,,
pay_yn0AlsUUpwjQzn,payment,0,119901,122401,INR,0,0,False,True,1787152140,1787324940,setl_XmeuBFPiPqM60n,,default,Payment via UPI,,,234513110637,order_VKk2if8R27Ff71,RCPT-D2C-100190,upi,,,,
pay_HVx3b52ijxxunh,payment,0,96291,98499,INR,1871,337,False,True,1787315700,1787326500,setl_OlsM6cgQl8yThc,,default,Payment via CARD,,,167481084389,order_UcT8hz7kCDJ2xj,RCPT-D2C-100484,card,American Express,UTIB,credit,
pay_YP0MqHF1nyC6tD,payment,0,135674,135674,INR,0,0,False,True,1787273100,1787532300,setl_kTTzJJOKlqBrLE,,default,Payment via UPI,,,669131461235,order_ZsjUrpcjqUdkAe,RCPT-D2C-100116,upi,,,,
pay_XKOW40n459ZTfU,payment,0,46303,47365,INR,900,162,False,True,1787273640,1787532840,setl_kTTzJJOKlqBrLE,,default,Payment via CARD,,,669131461235,order_94gymM219KZhAA,RCPT-D2C-100135,card,MasterCard,ICIC,credit,
pay_Asm9NdTHtIb64F,payment,0,84145,84145,INR,0,0,False,True,1787187300,1787532900,setl_kTTzJJOKlqBrLE,,default,Payment via UPI,,,669131461235,order_n3MkH6u3WKXv1V,RCPT-D2C-100101,upi,,,,
pay_BBnCrv7VzGgefw,payment,0,45049,45049,INR,0,0,False,True,1787362860,1787535660,setl_kTTzJJOKlqBrLE,,default,Payment via UPI,,,669131461235,order_5JCNtaoIVG3qXV,RCPT-D2C-100057,upi,,,,
pay_yX2IFnrwaeeYrI,payment,0,71150,71150,INR,0,0,False,True,1787277480,1787536680,setl_kTTzJJOKlqBrLE,,default,Payment via UPI,,,669131461235,order_n3bfL7dSjG5m5j,RCPT-D2C-100276,upi,,,,
pay_ymBjX8ugHiadLa,payment,0,118069,123334,INR,2343,422,False,True,1787191380,1787536980,setl_kTTzJJOKlqBrLE,,default,Payment via CARD,,,669131461235,order_LstHxsc7owFieW,RCPT-D2C-100316,card,American Express,INDB,credit,
pay_D1k35DMPNFQQ1F,payment,0,88382,88382,INR,0,0,False,True,1787282040,1787541240,setl_kTTzJJOKlqBrLE,,default,Payment via UPI,,,669131461235,order_QfLQAT6dOXPy4u,RCPT-D2C-100220,upi,,,,
pay_I7659MS3rWE6os,payment,0,70170,70170,INR,0,0,False,True,1787359140,1787542740,setl_E0zL7vL9XYJolr,,default,Payment via UPI,,,889885284253,order_BCAIZGoW7eycUA,RCPT-D2C-100474,upi,,,,
pay_vgLaELO1oWZFwS,payment,0,88644,88644,INR,0,0,False,True,1787197740,1787543340,setl_kTTzJJOKlqBrLE,,default,Payment via UPI,,,669131461235,order_uwXslLJbmOpTPx,RCPT-D2C-100393,upi,,,,
pay_GitCHYa2Jtifl6,payment,0,96915,98899,INR,1681,303,False,True,1787284740,1787543940,setl_kTTzJJOKlqBrLE,,default,Payment via WALLET,,,669131461235,order_oS4UmyxaHH3l7m,RCPT-D2C-100399,wallet,,,,
pay_ZYOIB1Pzb9r4Ks,payment,0,237571,237571,INR,0,0,False,True,1787284860,1787544060,setl_kTTzJJOKlqBrLE,,default,Payment via UPI,,,669131461235,order_bQwAVnJXKcRsne,RCPT-D2C-100430,upi,,,,
pay_OyFrdlyGHNhQ2C,payment,0,86223,86223,INR,0,0,False,True,1787374260,1787547060,setl_kTTzJJOKlqBrLE,,default,Payment via UPI,,,669131461235,order_Topkf7fjs6aeBh,RCPT-D2C-100298,upi,,,,
pay_PF3SklRqSS0gUV,payment,0,68196,69592,INR,1183,213,False,True,1787294280,1787553480,setl_kTTzJJOKlqBrLE,,default,Payment via WALLET,,,669131461235,order_NlbG5n7Az73NYj,RCPT-D2C-100424,wallet,,,,
pay_U5Wu1Tv3Wk6Gml,payment,0,60411,61796,INR,1174,211,False,True,1787294940,1787554140,setl_kTTzJJOKlqBrLE,,default,Payment via CARD,,,669131461235,order_15hEecaA49qONN,RCPT-D2C-100179,card,American Express,YESB,credit,
pay_pJC01t5gobuszg,payment,0,126284,126284,INR,0,0,False,True,1787210280,1787555880,setl_kTTzJJOKlqBrLE,,default,Payment via UPI,,,669131461235,order_I6hwgk10zB0rlz,RCPT-D2C-100016,upi,,,,
rfnd_X9GY1cjDoBoirP,refund,63142,0,63142,INR,0,0,False,True,1787210280,1787555880,setl_kTTzJJOKlqBrLE,,default,Refund via UPI,,rfnd_X9GY1cjDoBoirP,669131461235,order_I6hwgk10zB0rlz,RCPT-D2C-100016,upi,,,,
pay_sBkbniaxzOgBbu,payment,0,155334,158896,INR,3019,543,False,True,1787211420,1787557020,setl_kTTzJJOKlqBrLE,,default,Payment via CARD,,,669131461235,order_nMr2LkUIUhixO4,RCPT-D2C-100400,card,RuPay,HDFC,debit,
pay_VuCNb7uGJohpMM,payment,0,60712,60712,INR,0,0,False,True,1787384340,1787557140,setl_kTTzJJOKlqBrLE,,default,Payment via UPI,,,669131461235,order_wohjZnwLneZ13n,RCPT-D2C-100371,upi,,,,
rfnd_hg5bA7Gn1xdtSZ,refund,60712,0,60712,INR,0,0,False,True,1787384340,1787557140,setl_kTTzJJOKlqBrLE,,default,Refund via UPI,,rfnd_hg5bA7Gn1xdtSZ,669131461235,order_wohjZnwLneZ13n,RCPT-D2C-100371,upi,,,,
pay_Y3ops0nLDV4nxg,payment,0,29535,29535,INR,0,0,False,True,1787384640,1787557440,setl_kTTzJJOKlqBrLE,,default,Payment via UPI,,,669131461235,order_NlmfvwjiQRNhzN,RCPT-D2C-100329,upi,,,,
pay_VOgGuJa8BRYok0,payment,0,76806,78568,INR,1493,269,False,True,1787298840,1787558040,setl_kTTzJJOKlqBrLE,,default,Payment via CARD,,,669131461235,order_FSNl4dUBEPsV8p,RCPT-D2C-100350,card,MasterCard,UTIB,debit,
pay_EJTuTQukjq79VE,payment,0,56613,56613,INR,0,0,False,True,1787385300,1787558100,setl_kTTzJJOKlqBrLE,,default,Payment via UPI,,,669131461235,order_6Ml7FlLTlWdWxs,RCPT-D2C-100106,upi,,,,
pay_sFZ42cBJI8BPjR,payment,0,83882,84826,INR,800,144,False,True,1787387940,1787560740,setl_kTTzJJOKlqBrLE,,default,Payment via UPI,,,669131461235,order_hKO9heAfCf9m4y,RCPT-D2C-100348,upi,,,,
pay_dYyzd1M89ORRv9,payment,0,111582,111582,INR,0,0,False,True,1787389200,1787562000,setl_kTTzJJOKlqBrLE,,default,Payment via UPI,,,669131461235,order_1gPIsTZCOGNc9y,RCPT-D2C-100216,upi,,,,
pay_G4jDPMRCxGgcjB,payment,0,104967,104967,INR,0,0,False,True,1787389380,1787562180,setl_kTTzJJOKlqBrLE,,default,Payment via UPI,,,669131461235,order_w56EcUngmgMsRc,RCPT-D2C-100009,upi,,,,
pay_moZ7Ht9FQUkOpF,payment,0,86792,88569,INR,1506,271,False,True,1787472060,1787569260,setl_E0zL7vL9XYJolr,,default,Payment via WALLET,,,889885284253,order_96qgZLc2KX9PuO,RCPT-D2C-100067,wallet,,,,
pay_ZZZGeoZDMENcKH,payment,0,41832,42791,INR,813,146,False,True,1787224380,1787569980,setl_kTTzJJOKlqBrLE,,default,Payment via CARD,,,669131461235,order_VmDGAkJiG8XnBE,RCPT-D2C-100003,card,American Express,INDB,debit,
pay_5ydeVTmXz41L2i,payment,0,78558,80360,INR,1527,275,False,True,1787398440,1787571240,setl_kTTzJJOKlqBrLE,,default,Payment via CARD,,,669131461235,order_qLKFJ5khNeV3Gh,RCPT-D2C-100229,card,RuPay,RATN,credit,
pay_ydH0ovVesETfLa,payment,0,62867,64283,INR,1200,216,False,True,1787400960,1787573760,setl_kTTzJJOKlqBrLE,,default,Payment via NETBANKING,,,669131461235,order_RhuZte6barEVzL,RCPT-D2C-100379,netbanking,,,,
pay_UAhRnnJ5KGPRW4,payment,0,33244,33244,INR,0,0,False,True,1787401200,1787574000,setl_kTTzJJOKlqBrLE,,default,Payment via UPI,,,669131461235,order_zlaZjEKDuN0nlD,RCPT-D2C-100408,upi,,,,
rfnd_nVvxrfbNVFoQdo,refund,16622,0,16622,INR,0,0,False,True,1787401200,1787574000,setl_kTTzJJOKlqBrLE,,default,Refund via UPI,,rfnd_nVvxrfbNVFoQdo,669131461235,order_zlaZjEKDuN0nlD,RCPT-D2C-100408,upi,,,,
pay_UR6ay9swuZDhOy,payment,0,107681,110151,INR,2093,377,False,True,1787315940,1787575140,setl_kTTzJJOKlqBrLE,,default,Payment via CARD,,,669131461235,order_oDUiukCt3Vkmtv,RCPT-D2C-100349,card,Visa,KKBK,credit,
pay_Xx2TpQK0Emd2q4,payment,0,47195,48277,INR,917,165,False,True,1787316480,1787575680,setl_kTTzJJOKlqBrLE,,default,Payment via CARD,,,669131461235,order_xlCM5AmiaujRBE,RCPT-D2C-100168,card,MasterCard,SBIN,credit,
pay_IRev5OjzondvWo,payment,0,89720,89720,INR,0,0,False,True,1787404260,1787577060,setl_kTTzJJOKlqBrLE,,default,Payment via UPI,,,669131461235,order_AsNRLhFtDAw2Es,RCPT-D2C-100475,upi,,,,
pay_Yi4xJK2h25wvkZ,payment,0,95510,97700,INR,1856,334,False,True,1787232180,1787577780,setl_kTTzJJOKlqBrLE,,default,Payment via CARD,,,669131461235,order_9ezRA91yOrUTju,RCPT-D2C-100268,card,MasterCard,HDFC,debit,
pay_pUxUJAFAhZmhra,payment,0,97225,99216,INR,1687,304,False,True,1787232840,1787578440,setl_kTTzJJOKlqBrLE,,default,Payment via WALLET,,,669131461235,order_LkWNQL0V9wr5c8,RCPT-D2C-100340,wallet,,,,
pay_s7aPJb2ntnPNbL,payment,0,115282,115282,INR,0,0,False,True,1787320140,1787579340,setl_kTTzJJOKlqBrLE,,default,Payment via UPI,,,669131461235,order_rXXNQhhu8OGmQS,RCPT-D2C-100428,upi,,,,
rfnd_lIkfkL9AXX54sp,refund,115282,0,115282,INR,0,0,False,True,1787320140,1787579340,setl_kTTzJJOKlqBrLE,,default,Refund via UPI,,rfnd_lIkfkL9AXX54sp,669131461235,order_rXXNQhhu8OGmQS,RCPT-D2C-100428,upi,,,,
pay_Qio2ZvzXQYXkJX,payment,0,35519,36246,INR,616,111,False,True,1787320380,1787579580,setl_kTTzJJOKlqBrLE,,default,Payment via WALLET,,,669131461235,order_VwFcOLnv9DS0hQ,RCPT-D2C-100040,wallet,,,,
rfnd_SnobagX5DIfOnp,refund,36246,0,36246,INR,0,0,False,True,1787320380,1787579580,setl_kTTzJJOKlqBrLE,,default,Refund via WALLET,,rfnd_SnobagX5DIfOnp,669131461235,order_VwFcOLnv9DS0hQ,RCPT-D2C-100040,wallet,,,,
pay_02Zg8fbipy3JNO,payment,0,90691,90691,INR,0,0,False,True,1787321820,1787581020,setl_kTTzJJOKlqBrLE,,default,Payment via UPI,,,669131461235,order_W1VEETHeLvdo97,RCPT-D2C-100277,upi,,,,
pay_qsW5aBqtsdP2ZW,payment,0,87734,87734,INR,0,0,False,True,1787322300,1787581500,setl_kTTzJJOKlqBrLE,,default,Payment via UPI,,,669131461235,order_5oGLSHR6muOtrC,RCPT-D2C-100090,upi,,,,
pay_vBpfZnrzVLD3ay,payment,0,129726,129726,INR,0,0,False,True,1787322600,1787581800,setl_kTTzJJOKlqBrLE,,default,Payment via UPI,,,669131461235,order_CFonVxfmZQ8d3A,RCPT-D2C-100108,upi,,,,
pay_rAOnqlZzDyGJpH,payment,0,246969,252633,INR,4800,864,False,True,1787237160,1787582760,setl_kTTzJJOKlqBrLE,,default,Payment via CARD,,,669131461235,order_0Hrw3EqxS1lm2i,RCPT-D2C-100441,card,RuPay,YESB,credit,
pay_l4fvDVTwiJb6kS,payment,0,85991,87407,INR,1200,216,False,True,1787237160,1787582760,setl_kTTzJJOKlqBrLE,,default,Payment via NETBANKING,,,669131461235,order_E1nbn1Mckz7b5E,RCPT-D2C-100477,netbanking,,,,
pay_18JLE0N7FjvPtj,payment,0,76040,76040,INR,0,0,False,True,1787238300,1787583900,setl_kTTzJJOKlqBrLE,,default,Payment via UPI,,,669131461235,order_2DTsyMLMF2JyeE,RCPT-D2C-100459,upi,,,,
pay_nMHZKSwMEv5hBc,payment,0,78021,78021,INR,0,0,False,True,1787411700,1787584500,setl_kTTzJJOKlqBrLE,,default,Payment via UPI,,,669131461235,order_xMytvMxQMjws1S,RCPT-D2C-100145,upi,,,,
pay_NJhx1FW0XbWirl,payment,0,74119,74119,INR,0,0,False,True,1787579460,1787590260,setl_E0zL7vL9XYJolr,,default,Payment via UPI,,,889885284253,order_3jJqmkVOvnQ0te,RCPT-D2C-100109,upi,,,,
pay_SwO3lzUtjuJT6Q,payment,0,209248,214047,INR,4067,732,False,True,1787497080,1787594280,setl_E0zL7vL9XYJolr,,default,Payment via CARD,,,889885284253,order_Uj1NJ8zqOZCUYJ,RCPT-D2C-100126,card,American Express,UTIB,credit,
pay_iqSULIcKcZLITY,payment,0,83527,85442,INR,1623,292,False,True,1787450520,1787623320,setl_Vwy9m692Uyns3b,,default,Payment via CARD,,,588326366695,order_IjUjPZXzyFhVm7,RCPT-D2C-100265,card,MasterCard,RATN,credit,
pay_03d6oFSHQIgBi3,payment,0,207716,212480,INR,4037,727,False,True,1787452260,1787625060,setl_Vwy9m692Uyns3b,,default,Payment via CARD,,,588326366695,order_OYw0fPWVQI1T5r,RCPT-D2C-100297,card,American Express,UTIB,debit,
pay_lgwRHHHZ4IilO3,payment,0,106975,106975,INR,0,0,False,True,1787452320,1787625120,setl_Vwy9m692Uyns3b,,default,Payment via UPI,,,588326366695,order_OJqkdvZK80B8oY,RCPT-D2C-100075,upi,,,,
pay_rMqaD0A3OkWAyw,payment,0,61692,61692,INR,0,0,False,True,1787455440,1787628240,setl_Vwy9m692Uyns3b,,default,Payment via UPI,,,588326366695,order_QmC5C8UO2U04R8,RCPT-D2C-100176,upi,,,,
pay_IIF1poppCTbwOh,payment,0,168366,168366,INR,0,0,False,True,1787458920,1787631720,setl_Vwy9m692Uyns3b,,default,Payment via UPI,,,588326366695,order_tUXgx6rH1xsDYV,RCPT-D2C-100383,upi,,,,
pay_VRDfUgcQqHsaLz,payment,0,43729,44625,INR,759,137,False,True,1787459220,1787632020,setl_Vwy9m692Uyns3b,,default,Payment via WALLET,,,588326366695,order_Ijiiz5kuWC7Syg,RCPT-D2C-100443,wallet,,,,
pay_l76DfkhC0Hxzak,payment,0,55979,56569,INR,500,90,False,True,1787462700,1787635500,setl_Vwy9m692Uyns3b,,default,Payment via UPI,,,588326366695,order_s6ZcEArYml8qJe,RCPT-D2C-100060,upi,,,,
pay_JBG3UXwS97bXZi,payment,0,39461,39461,INR,0,0,False,True,1787467560,1787640360,setl_Vwy9m692Uyns3b,,default,Payment via UPI,,,588326366695,order_OIEaz4s0R0a67O,RCPT-D2C-100395,upi,,,,
pay_TQes39JAoHOu5x,payment,0,268734,268734,INR,0,0,False,True,1787468940,1787641740,setl_Vwy9m692Uyns3b,,default,Payment via UPI,,,588326366695,order_zH8TY2gMUYW89b,RCPT-D2C-100412,upi,,,,
pay_PusJz4Rv5xUr92,payment,0,188955,193288,INR,3672,661,False,True,1787471760,1787644560,setl_Vwy9m692Uyns3b,,default,Payment via CARD,,,588326366695,order_lFv4pyqXQdVlQz,RCPT-D2C-100374,card,Visa,SBIN,credit,
pay_t4YQXtr0j52sPY,payment,0,18753,18753,INR,0,0,False,True,1787471880,1787644680,setl_Vwy9m692Uyns3b,,default,Payment via UPI,,,588326366695,order_dYQNzRtiAQGxJ0,RCPT-D2C-100455,upi,,,,
pay_xm1ej9YKz9GQww,payment,0,64285,65601,INR,1115,201,False,True,1787471940,1787644740,setl_Vwy9m692Uyns3b,,default,Payment via WALLET,,,588326366695,order_vc84FTd3NsAEF5,RCPT-D2C-100210,wallet,,,,
pay_cRI4Ez3ToFsMq9,payment,0,109313,111820,INR,2125,382,False,True,1787475300,1787648100,setl_Vwy9m692Uyns3b,,default,Payment via CARD,,,588326366695,order_bCCz7hSj6iLa6j,RCPT-D2C-100267,card,RuPay,SBIN,credit,
pay_4CD8sjLV4m6oCB,payment,0,35374,35374,INR,0,0,False,True,1787640180,1787650980,setl_J6U9p8CoqXHLMm,,default,Payment via UPI,,,188255191783,order_tNayfA7MpEIl2I,RCPT-D2C-100439,upi,,,,
pay_4AhAyCrbHvQaUS,payment,0,44930,44930,INR,0,0,False,True,1787480100,1787652900,setl_Vwy9m692Uyns3b,,default,Payment via UPI,,,588326366695,order_WNf9SdPuTXisg7,RCPT-D2C-100330,upi,,,,
pay_0LVjy5awvtSxEQ,payment,0,111750,111750,INR,0,0,False,True,1787482500,1787655300,setl_Vwy9m692Uyns3b,,default,Payment via UPI,,,588326366695,order_g4EAd82Kk2RKNg,RCPT-D2C-100468,upi,,,,
pay_QKwit7rBMQCeoX,payment,0,87616,87616,INR,0,0,False,True,1787485020,1787657820,setl_Vwy9m692Uyns3b,,default,Payment via UPI,,,588326366695,order_scAK1z5kX4hIpa,RCPT-D2C-100334,upi,,,,
pay_CSdw3gj5vBwhRE,payment,0,263636,263636,INR,0,0,False,True,1787487660,1787660460,setl_Vwy9m692Uyns3b,,default,Payment via UPI,,,588326366695,order_nzYQeEhtqJKe1z,RCPT-D2C-100319,upi,,,,
rfnd_MECswDKMwQAsHN,refund,263636,0,263636,INR,0,0,False,True,1787487660,1787660460,setl_Vwy9m692Uyns3b,,default,Refund via UPI,,rfnd_MECswDKMwQAsHN,588326366695,order_nzYQeEhtqJKe1z,RCPT-D2C-100319,upi,,,,
pay_KjpqvvA8rJoXr2,payment,0,183170,183760,INR,500,90,False,True,1787497980,1787670780,setl_Vwy9m692Uyns3b,,default,Payment via UPI,,,588326366695,order_ZyUlkrOVz8KjjZ,RCPT-D2C-100185,upi,,,,
pay_oFOi6TJ6X59uVg,payment,0,255168,261020,INR,4959,893,False,True,1787533500,1787706300,setl_FG2Llk6mtfIWXO,,default,Payment via CARD,,,413649601516,order_ip4VieEj8a9cQ2,RCPT-D2C-100483,card,MasterCard,KKBK,debit,
pay_Ip3SfD67jIKeaV,payment,0,154373,157533,INR,2678,482,False,True,1787535180,1787707980,setl_FG2Llk6mtfIWXO,,default,Payment via WALLET,,,413649601516,order_STQvvpQZpPTejq,RCPT-D2C-100021,wallet,,,,
pay_BrzRRve0KywBql,payment,0,180492,180492,INR,0,0,False,True,1787536620,1787709420,setl_FG2Llk6mtfIWXO,,default,Payment via UPI,,,413649601516,order_D2do7mhbG0FiEW,RCPT-D2C-100385,upi,,,,
pay_MTvUlM8EZBrKAX,payment,0,168593,168593,INR,0,0,False,True,1787536680,1787709480,setl_FG2Llk6mtfIWXO,,default,Payment via UPI,,,413649601516,order_8eOEeXg28vfrNn,RCPT-D2C-100162,upi,,,,
pay_lg3xtV7KAqhHif,payment,0,68773,68773,INR,0,0,False,True,1787539320,1787712120,setl_FG2Llk6mtfIWXO,,default,Payment via UPI,,,413649601516,order_gRwZxpoInKDn5B,RCPT-D2C-100433,upi,,,,
pay_e1hsA2Bb9uOk4T,payment,0,129903,132882,INR,2525,454,False,True,1787542800,1787715600,setl_FG2Llk6mtfIWXO,,default,Payment via CARD,,,413649601516,order_yNZnlEk6KJCBHG,RCPT-D2C-100044,card,American Express,SBIN,credit,
pay_lJ9GTQwgaRp4d8,payment,0,58968,58968,INR,0,0,False,True,1787544360,1787717160,setl_FG2Llk6mtfIWXO,,default,Payment via UPI,,,413649601516,order_5Swvrs6jVQq89u,RCPT-D2C-100248,upi,,,,
pay_at0RKccLAIFiub,payment,0,207937,207937,INR,0,0,False,True,1787547120,1787719920,setl_FG2Llk6mtfIWXO,,default,Payment via UPI,,,413649601516,order_3Po6Jq3QtHHzYF,RCPT-D2C-100203,upi,,,,
pay_DUjgvhKIw39X07,payment,0,132740,132740,INR,0,0,False,True,1787551320,1787724120,setl_FG2Llk6mtfIWXO,,default,Payment via UPI,,,413649601516,order_yI8WtMjd03z9oy,RCPT-D2C-100306,upi,,,,
pay_NO2crI8tQm5clX,payment,0,57870,57870,INR,0,0,False,True,1787554440,1787727240,setl_FG2Llk6mtfIWXO,,default,Payment via UPI,,,413649601516,order_iPZmgNI3wHrgFi,RCPT-D2C-100088,upi,,,,
pay_UnlJ9zx08GPch4,payment,0,73134,73134,INR,0,0,False,True,1787556180,1787728980,setl_FG2Llk6mtfIWXO,,default,Payment via UPI,,,413649601516,order_Y8WJzcL2j9xS7X,RCPT-D2C-100236,upi,,,,
pay_2Bii2kDJz70cVL,payment,0,49514,50649,INR,962,173,False,True,1787559120,1787731920,setl_FG2Llk6mtfIWXO,,default,Payment via CARD,,,413649601516,order_aa2lSbMArF0tiI,RCPT-D2C-100274,card,Visa,IDFB,credit,
pay_rLpHdbUQosG5aP,payment,0,132230,135263,INR,2570,463,False,True,1787568960,1787741760,setl_FG2Llk6mtfIWXO,,default,Payment via CARD,,,413649601516,order_yZttoKQ2bedBn2,RCPT-D2C-100051,card,MasterCard,SBIN,debit,
pay_DbQHuu66G8Jjj7,payment,0,184643,184643,INR,0,0,False,True,1787575080,1787747880,setl_FG2Llk6mtfIWXO,,default,Payment via UPI,,,413649601516,order_Fx7Jb1MCvf2uYb,RCPT-D2C-100187,upi,,,,
rfnd_KHCBUtsoKHdKGL,refund,184643,0,184643,INR,0,0,False,True,1787575080,1787747880,setl_FG2Llk6mtfIWXO,,default,Refund via UPI,,rfnd_KHCBUtsoKHdKGL,413649601516,order_Fx7Jb1MCvf2uYb,RCPT-D2C-100187,upi,,,,
pay_DDDdUuEl8LWYX2,payment,0,84163,84163,INR,0,0,False,True,1787575320,1787748120,setl_FG2Llk6mtfIWXO,,default,Payment via UPI,,,413649601516,order_EiNo4cjd09jRph,RCPT-D2C-100307,upi,,,,
pay_FvpcLOGQOpCHV5,payment,0,54456,57774,INR,3120,198,False,True,1787576400,1787749200,setl_FG2Llk6mtfIWXO,,default,Payment (International) via CARD,,,413649601516,order_v7s82QtDRojrbr,RCPT-D2C-100043,card,American Express,UTIB,credit,
pay_BtXyyAryrVfzFJ,payment,0,86862,88640,INR,1507,271,False,True,1787618340,1787791140,setl_5RMgb9RYX3I8Cv,,default,Payment via WALLET,,,794210426733,order_1kwsewjKzbfUek,RCPT-D2C-100355,wallet,,,,
pay_7Z54vFb4pBXNTQ,payment,0,106704,109151,INR,2074,373,False,True,1787623260,1787796060,setl_5RMgb9RYX3I8Cv,,default,Payment via CARD,,,794210426733,order_b5igKY4oO8dIim,RCPT-D2C-100048,card,American Express,INDB,credit,
pay_Z3DWbqIg0fMsTh,payment,0,167561,167561,INR,0,0,False,True,1787629440,1787802240,setl_5RMgb9RYX3I8Cv,,default,Payment via UPI,,,794210426733,order_AxMVaNvcs74OTC,RCPT-D2C-100281,upi,,,,
pay_Wvif8lOad781kq,payment,0,78876,78876,INR,0,0,False,True,1787630340,1787803140,setl_5RMgb9RYX3I8Cv,,default,Payment via UPI,,,794210426733,order_jhGukr74PwxOQq,RCPT-D2C-100392,upi,,,,
pay_7pY4SIpt4tYn5R,payment,0,87082,87082,INR,0,0,False,True,1787630520,1787803320,setl_5RMgb9RYX3I8Cv,,default,Payment via UPI,,,794210426733,order_tExmm0gRmN5OTG,RCPT-D2C-100142,upi,,,,
pay_aBlEm8CIDzgk7W,payment,0,173632,173632,INR,0,0,False,True,1787631480,1787804280,setl_5RMgb9RYX3I8Cv,,default,Payment via UPI,,,794210426733,order_tkcsQVIhpswmZV,RCPT-D2C-100410,upi,,,,
pay_50dJQg96eNlQng,payment,0,241903,241903,INR,0,0,False,True,1787632800,1787805600,setl_5RMgb9RYX3I8Cv,,default,Payment via UPI,,,794210426733,order_PUXCMLZKo7RrU5,RCPT-D2C-100039,upi,,,,
pay_NaQzoQLDye3Vay,payment,0,187433,187433,INR,0,0,False,True,1787633220,1787806020,setl_5RMgb9RYX3I8Cv,,default,Payment via UPI,,,794210426733,order_IfktSsGFtqjZRd,RCPT-D2C-100398,upi,,,,
pay_bYqXcgcLBAnfdP,payment,0,52274,52274,INR,0,0,False,True,1787634660,1787807460,setl_5RMgb9RYX3I8Cv,,default,Payment via UPI,,,794210426733,order_cwnx0d1LzeZGEI,RCPT-D2C-100037,upi,,,,
pay_HCgI4ZnapEeld8,payment,0,38099,38879,INR,661,119,False,True,1787636280,1787809080,setl_5RMgb9RYX3I8Cv,,default,Payment via WALLET,,,794210426733,order_VkiWWtwbULzesB,RCPT-D2C-100167,wallet,,,,
pay_GlAarYnZ9tccGt,payment,0,76050,76050,INR,0,0,False,True,1787637780,1787810580,setl_5RMgb9RYX3I8Cv,,default,Payment via UPI,,,794210426733,order_04kF8BV8TMJ0EZ,RCPT-D2C-100376,upi,,,,
pay_D2XyaFptWlKz9f,payment,0,75712,75712,INR,0,0,False,True,1787639280,1787812080,setl_5RMgb9RYX3I8Cv,,default,Payment via UPI,,,794210426733,order_rxvfIQ1s7T5Dvd,RCPT-D2C-100132,upi,,,,
pay_LJ0qdLo8025p36,payment,0,30438,30438,INR,0,0,False,True,1787647980,1787820780,setl_5RMgb9RYX3I8Cv,,default,Payment via UPI,,,794210426733,order_CUYX130bHaJsQY,RCPT-D2C-100118,upi,,,,
pay_W5dql05ha064gI,payment,0,68098,68098,INR,0,0,False,True,1787651400,1787824200,setl_5RMgb9RYX3I8Cv,,default,Payment via UPI,,,794210426733,order_iJhgB3cxLmAxzJ,RCPT-D2C-100008,upi,,,,
pay_gJgKOEWsY9EZGW,payment,0,79505,79505,INR,0,0,False,True,1787652060,1787824860,setl_5RMgb9RYX3I8Cv,,default,Payment via UPI,,,794210426733,order_ubVWts1ZpJd31k,RCPT-D2C-100184,upi,,,,
pay_8e9WbRMFilbpzP,payment,0,96873,99095,INR,1883,339,False,True,1787656620,1787829420,setl_5RMgb9RYX3I8Cv,,default,Payment via CARD,,,794210426733,order_7Dn2FLiSIiQ0tr,RCPT-D2C-100491,card,RuPay,UTIB,credit,
rfnd_fZCZlYnRtICpTh,refund,49548,0,49548,INR,0,0,False,True,1787656620,1787829420,setl_5RMgb9RYX3I8Cv,,default,Refund via CARD,,rfnd_fZCZlYnRtICpTh,794210426733,order_7Dn2FLiSIiQ0tr,RCPT-D2C-100491,card,RuPay,UTIB,credit,
pay_t9vDCS6xqIhGsE,payment,0,64436,64436,INR,0,0,False,True,1787656740,1787829540,setl_5RMgb9RYX3I8Cv,,default,Payment via UPI,,,794210426733,order_UK0im1aKPLYwzb,RCPT-D2C-100174,upi,,,,
pay_KCWj0NzV5HuNcG,payment,0,42059,42059,INR,0,0,False,True,1787659800,1787832600,setl_5RMgb9RYX3I8Cv,,default,Payment via UPI,,,794210426733,order_HuvvVphx8hljJ6,RCPT-D2C-100256,upi,,,,
rfnd_wakDIVboaEbPjh,refund,21029,0,21029,INR,0,0,False,True,1787659800,1787832600,setl_5RMgb9RYX3I8Cv,,default,Refund via UPI,,rfnd_wakDIVboaEbPjh,794210426733,order_HuvvVphx8hljJ6,RCPT-D2C-100256,upi,,,,
pay_fu6q7ZKhwJb6Le,payment,0,68127,69689,INR,1324,238,False,True,1787660460,1787833260,setl_5RMgb9RYX3I8Cv,,default,Payment via CARD,,,794210426733,order_gNy8MpuPWkz5GQ,RCPT-D2C-100217,card,RuPay,ICIC,debit,
pay_Tr2UGMrk4xPzzD,payment,0,99917,99917,INR,0,0,False,True,1787662200,1787835000,setl_5RMgb9RYX3I8Cv,,default,Payment via UPI,,,794210426733,order_weaNLHcPav2klI,RCPT-D2C-100344,upi,,,,
pay_cNsQMTodm8h2xM,payment,0,85477,85477,INR,0,0,False,True,1787662800,1787835600,setl_5RMgb9RYX3I8Cv,,default,Payment via UPI,,,794210426733,order_hDU7q88AD4fGIn,RCPT-D2C-100345,upi,,,,
pay_WM8JqTDLVWcePV,payment,0,100793,103105,INR,1959,353,False,True,1787671080,1787843880,setl_5RMgb9RYX3I8Cv,,default,Payment via CARD,,,794210426733,order_vXLHy1TzEujdGv,RCPT-D2C-100128,card,Visa,SBIN,debit,
rfnd_GapsIak1WEXuqu,refund,51552,0,51552,INR,0,0,False,True,1787671080,1787843880,setl_5RMgb9RYX3I8Cv,,default,Refund via CARD,,rfnd_GapsIak1WEXuqu,794210426733,order_vXLHy1TzEujdGv,RCPT-D2C-100128,card,Visa,SBIN,debit,
